lif;ref
9a;36
-ax;4y
57;15
dt;15
-2p;2c
71;-jb
-9t;-9e
28;-2v
br;a5
2d;-2h
6x;9h
17;-3w
a6;-bj
8x;-e
2u;6o
cm;-6r
27;-20
-7i;4t
-d0;14
1f;-2e
-32;-8u
4j;iy
76;-38
av;14
-aa;-80
-a5;-co
-7j;-m4
b5;6q
-50;-41
ah;-7x
-je;-14
44;7x
-aj;-3t
4j;-5w
7b;-2b
-i;-dj
-43;-68
dk;-aw
5k;-5y
-6i;-2f
k;ej
-80;-3g
-9h;-5i
-2z;-5s
-4s;88
4d;-4
-a4;-14
-5w;-2i
8z;-4s
-ao;-i7
-1h;-p
12;-db
-x;-1u
-4;-16
74;-3n
-8p;6l
bf;-1z
4p;-3d
cq;gh
-8x;2v
7y;b6
2j;9o
bc;-20
-1r;5n
2c;-3i
cv;1e
46;6p
-4p;-37
jb;-9w
l1;-7
-86;52
-58;-5p
-j8;8n
-h;-4i
-95;-4x
-bv;-7l
cn;7f
35;-ba
b0;-1j
ha;a0
46;-dt
-8m;-1e
-5b;-i0
76;-ef
5;6q
7x;e8
2e;j7
-aa;-3j
-4q;-83
8b;3w
-5k;-hw
-aj;-35
-b7;-1q
-2q;5q
-2z;36
-72;-c2
-1p;-4n
-hw;u
-ef;hw
3g;u
cl;54
cm;-cw
-9g;-ab
-bo;-6d
-bx;-7j
93;-9t
-jp;-10
-ei;41
fw;-71
1b;8r
m;-b8
45;4x
-4i;-s7
-ix;-5q
4j;-ca
3r;-29
49;7l
-3k;3l
-8k;d0
-4t;-7a
-34;-5d
3j;co
9e;5z
-g6;-1z
-50;6o
e7;-3g
-f8;-am
w;cg
2d;6
-cd;-s
-33;28
2u;-c0
3z;9v
-1w;2f
dq;-31
al;27
-3w;-4e
-d2;-g0
-af;dm
-ad;8j
1a;-4d
-8b;-6t
5r;5
-9c;-eq
dp;-54
-iy;95
7c;-65
-jm;dt
-3a;-9v
-28;5r
3m;-88
-vs;-4y
-4;-1l
-fj;2z
-4v;1v
4n;47
-7v;-20
5d;-dk
-4e;-2p
ae;-be
cc;2q
-8x;-g2
4l;-5i
-o;1k
-7y;-2w
bi;-6q
-6g;-dw
-j;65
be;2v
-11;fv
6u;l
6l;-5v
-9q;w
-10;-62
-b;bt
h0;1q
-mq;-8z
-ah;-6o
-8u;-1n
4u;-b7
u;-4u
-1t;7n
1s;l6
c;-1w
62;-e8
8q;-15
-6x;fn
5g;3c
-7n;ix
2k;-e
5d;1h
-36;3w
3u;-2m
-6p;-1w
-2n;-z
2l;-s
8j;f8
i;aj
-4z;-9e
68;1h
37;v
-6c;-6n
f3;-2a
9q;-92
6i;44
-h7;-9j
-1j;6n
-ca;2s
-eb;5n
-ah;-f0
-4x;92
90;4u
-1p;-mf
-iz;bf
4n;gl
-60;1d
-6p;84
-hn;-1b
19;cg
q1;-1y
-42;-5r
-jv;-43
4z;ju
-56;-59
-ba;8v
ed;fe
-46;k8
-an;5
-v;ab
-3k;5s
c7;-x
-1t;-ch
ad;d1
-7s;-bb
22;-8o
89;4x
8u;3q
-1q;-fi
a2;8q
-8z;50
4l;cg
-1q;-27
ju;cw
-bo;46
7v;5n
-b5;-lo
-q;1r
-27;7k
-30;2p
cj;-1t
-5y;-1r
-l4;-4s
-br;p
-9b;5i
-3m;74
-7g;-8u
18;hh
-k;5u
io;1a
3s;-1
5u;fp
dh;7
45;75
-1j;7d
4z;-1j
-6n;t
2z;-6h
-x;9c
da;bs
-ce;9
-fe;2r
46;-4b
-in;1g
2s;-5a
1z;-3z
-8u;ax
5g;-33
81;5p
66;-w
-c7;-ec
-qe;1a
-69;av
-9b;aq
3g;bv
9v;-6q
-8;-25
l;-c6
-hi;-aw
-41;-ln
q;1h
-3x;4k
-j;-5k
m;9g
9z;2v
2l;17
-8a;-cz
-d9;1c
29;31
1j;-16
-51;-cy
22;-5e
-1j;-j
56;7f
-n;9a
-cd;-4x
f4;-62
-9a;-5q
-6c;-7i
7v;3e
-fh;6e
-lp;6c
-ma;-b
29;-cm
-7t;-90
-67;9p
m;-z
6n;h0
8y;53
-9c;-f6
-66;-ag
p;-5a
4p;-3q
5s;12
-gg;-44
20;er
-1c;-cs
-f3;-77
2i;f3
bu;-d3
51;3a
5f;-ex
b8;78
-5n;-8v
-4x;10
p2;-1a
-6k;7z
-d7;1s
-7m;e6
-6w;-bg
-54;-dl
91;69
5y;-3w
9o;9q
-2a;hh
-8q;42
-dv;3u
-8z;-fx
-3t;a8
5v;65
ah;-3d
g;-5g
-6f;-9k
ai;-2w
-gh;-b0
mp;-63
-61;-9m
16;31
-cc;-63
-1x;-3m
39;-h0
-6o;bn
4p;7x
-h5;6u
a1;2a
-3d;5j
8z;as
-4z;-e9
-fc;-2j
-c6;-9l
fx;l
-22;-c
-h5;-1m
-15;4y
o6;-19
7f;62
2l;-hi
u;3t
9v;-2p
-p;2u
-9g;2t
-70;-8f
-7p;74
-ce;-92
c5;24
ba;ap
br;fm
-di;-bx
9j;49
-90;-u
-4c;4o
-4d;45
1k;-k3
-3f;-ea
4u;-7d
-8y;bn
9t;65
3q;-1r
-9v;5y
-56;b2
-5l;-17
-7y;1y
-2d;1b
4b;5x
5u;-5f
-c6;26
-2;-ah
4u;2o
-63;ev
61;47
-c;-dq
5f;-96
17;-1z
-33;-24
b0;-2f
-bl;-2a
-er;3z
-6g;49
d0;-cb
-17;8p
-3t;-21
66;25
-5i;-9t
-6t;8e
u;4d
-v;y
8e;3n
1p;-hj
-8d;-5v
-gt;-6
aq;-4c
13;1k
-6;97
0;di
-5j;32
-dj;-5
-2r;-16
-2w;-3p
-1w;-43
-7e;-kw
3a;-d7
fq;-a1
-2u;32
6w;av
2s;cz
6h;dz
-4y;-em
-5q;5k
1s;-e7
-a6;4q
15;-11
ef;-66
-8g;8f
7p;1l
7k;4b
-3p;fz
-4m;-29
-7t;-ie
im;3s
1i;-96
-6;-cz
b7;11
-2;-as
-28;fo
-ka;-92
-4e;-bx
-23;-1j
1;1y
-36;-cg
c1;-76
2s;9g
-3u;3c
-l;6d
-9e;-49
6v;1
g3;-1m
4t;50
-mt;-ct
10;59
n4;hw
-u;-eo
4m;-em
1q;d
-na;do
bq;-tp
-6u;fo
-62;-9u
4s;-2z
-c2;-v
65;-5l
4s;56
4e;-6
-1v;b5
2a;6q
-gq;9f
-17;hf
8z;4r
-7p;-3r
-36;5x
3g;-2m
-69;-ff
2d;-9e
6u;-bd
2x;-55
3h;f8
-m;-1u
-l1;-3b
-e5;-5x
-6d;a6
-96;-9g
6g;i
b3;de
-26;-82
2w;39
4y;3a
-1g;-ds
12;ej
-88;-4p
fz;6v
gn;-8x
85;1d
-dm;-iv
6w;-2
-32;-5l
qq;1s
-3h;-c6
-57;-cu
-9j;-8b
25;o
-55;-7t
-ej;1l
51;6
-2m;bi
-ap;6t
-5z;-kt
-39;ek
-5l;ge
-67;-27
3r;-7s
8;-6k
-ce;-8u
-b4;2n
-bc;e9
-84;-cj
6f;9g
52;-6
-a;-2t
-53;-3n
36;-il
3b;1b
-2y;-cy
-5u;7g
-6b;-5
1t;-l5
1y;pe
4x;-34
bk;-e5
9f;-b1
-l;-9m
5u;ga
o;5s
b0;-by
8e;9l
-4u;-c6
8j;-4k
2g;57
-b8;-eg
3z;-jo
-23;7x
64;-11
cj;4
88;ai
-an;-e7
-5n;7r
72;-f5
c6;jh
9u;6u
-kc;-56
-5x;-10
3q;-cx
i;-lx
6z;-23
9b;-8k
gx;-4e
g;b4
10;-eq
-7x;-ey
9q;-df
ch;-1l
-1b;31
-3i;-1x
-68;-d9
-48;-3l
3m;40
-1y;-20
am;46
-da;-w
cb;-6s
-5;7i
-b9;6o
-2k;7n
1d;-f8
-5q;1z
-9y;-9e
75;-1i
-8b;-ax
-5e;-52
-9a;gm
-y;5x
uw;3j
-au;6z
-dq;4h
-25;-6k
a;4s
-4g;-aq
2;d3
-13;h2
2a;-6d
7s;9y
-bj;-b1
11;5i
k0;al
-gl;-1r
89;-1y
1b;53
3o;9k
22;6y
3g;b
-bi;81
20;74
73;42
5s;i1
-at;-1i
9n;70
88;73
-4;1i
d4;-ex
-35;-3i
-17;-o7
ac;1s
-3l;6m
1f;5x
5u;8y
-5a;-8s
96;-2t
-29;ew
-f;-65
-2z;d
-4j;4x
-1p;ca
-an;e3
4m;2j
8l;iy
-61;a4
di;-m
-z;1v
al;-bo
-7k;l0
-5q;-69
-dc;t
1i;15
7q;1
1c;19
bl;-44
-7y;4u
e8;3u
-9u;-pi
3a;by
d0;-3p
3p;-j
-a;-c
-74;h7
-2h;3z
-fa;9w
i5;-dj
-55;-fk
-g8;22
dx;-hi
y;bw
7s;s
-6;-cl
-bd;-an
b1;3c
89;-5d
-lk;3n
-6u;32
1t;1o
-1d;-1q
-bo;77
3g;-8j
-h;3r
-2f;c7
-68;fs
-60;33
-dy;-id
3n;-4s
-1c;p
n;-aa
6o;7
-68;2q
51;7m
7c;-c6
-r;-jk
4;4n
-2z;-l
-19;-sy
-qr;-ew
26;-p
50;-63
-1j;21
a8;bj
6r;34
-1b;-2b
95;-12
57;3u
-e5;-1m
x;-lq
7z;-9q
-6x;-3l
12;5a
-8b;-ft
8n;-6t
1n;8q
fi;4q
-9j;3f
m;-70
-90;-50
9g;r
-s0;-1h
-1a;-6s
7o;mr
-ad;2f
47;-hy
13;-w
-97;gp
63;-97
ju;-am
-dx;-d
2k;7g
-1g;iv
1;12
-lc;-85
1i;-ch
-9e;7m
-1w;-6p
3p;-33
4l;-1q
-2a;-4c
3f;-38
-oy;-6n
ho;cl
32;d4
2l;-k8
-4;-2c
70;-90
-17;-4u
93;7h
-7t;2n
2q;20
bi;am
24;-4q
p;-c5
-6p;3k
nc;ht
83;-5s
5z;-5j
a;-h1
-l;4v
l;46
bb;76
-hz;2s
-28;-bl
-5z;-8m
-b1;-3t
-1l;72
-34;46
-20;8v
-35;bl
-95;-3d
-8g;2w
be;f8
4o;7h
-11;-56
-8y;-dn
-l;cz
6r;-9n
8d;-2z
5o;-cf
jg;-1v
52;-17
7y;89
-50;-y
d9;-my
-4b;-4h
-g;-57
9;-6p
-9f;-6n
5u;75
p;bu
9n;6j
-4y;-6x
-6r;-cq
79;-80
1o;-5e
-ah;-8c
9l;96
ap;-98
33;-e1
2a;3
-s;mv
-6q;-c2
2l;-2f
2m;1s
-eu;7p
-5d;-4a
8o;-7z
-aw;-hz
-76;-g4
10;-4s
1l;1d
gv;3n
ar;aj
6h;3y
-56;-9x
s;8o
83;-1s
de;11
-9e;71
-ge;eq
-3t;1b
-16;4r
43;-30
f6;as
-5o;-8w
-ox;-a0
-2z;56
-qk;jr
4v;-7o
-6;13
-6c;fc
-w;b9
-8d;-dl
br;-2x
49;hl
1w;-3u
2y;-8d
3p;4c
3l;-4r
-5l;-6d
1l;-7s
-7u;-9y
-11;-68
1r;e4
1b;-fr
b9;-ad
-8l;e3
-96;-5u
2j;gh
-fj;-3o
-ar;14
co;-9p
6q;d9
-fb;-gt
2e;-7n
u;35
-2;jx
-5u;-1v
-81;-8h
-3f;13
4k;-d
-dm;e
a0;j8
-7o;5t
12;6u
-fz;-1c
-8v;1h
-8t;31
6n;-aj
-fs;7o
5g;-ao
-24;-72
-2z;-5c
-l;7
-34;-6n
-1i;-7c
54;-e5
6d;-bw
-l;-b2
ej;q5
d2;-83
-1a;-2d
an;-7
1g;e8
7j;8f
1s;7i
w;-a6
-gw;-2x
4q;-1r
-4v;-ho
2w;t
-1g;br
-fj;3r
36;gn
-50;-5m
9j;2m
9s;-6e
-7v;4h
-ey;7s
-6r;5a
-f1;-79
1w;-5h
-29;9x
-af;7o
-17;cv
59;85
-6k;-io
52;7z
83;-e9
12;g
-f9;6b
-ew;-bh
-54;-6j
6o;cs
6j;ph
3u;3o
-5u;-7r
lt;a2
-52;-g1
-67;79
-4o;ap
8m;-45
a9;6j
5n;-h
-eq;4a
-by;-32
cx;9x
-72;-ba
1p;-65
1e;-7y
i0;-4o
2e;-gi
-c8;-2a
-cu;-c1
3x;74
1e;-69
-46;4u
je;-1i
-fy;ea
b1;b5
1h;-22
af;h
-8o;7p
-3d;9k
i6;-53
2n;-3d
6j;1g
-ca;-84
-5g;3k
4s;-s
-3z;-bc
f4;ak
9y;-cu
-89;48
ko;5w
-hi;-7m
-9u;7r
1v;b6
3o;-34
-46;-25
-3;-7k
s;-ar
r;9a
-i9;9i
d;bn
2c;7q
-3k;-34
-8h;hc
9k;3r
71;-3e
1l;df
8w;-6z
4k;-2y
9y;-6m
k;0
-d9;-js
7;-6m
-h2;-82
-42;1w
d;-1j
br;-4o
8t;61
-12;3d
-3r;-6x
5g;7f
-f0;7v
-5t;5u
9j;1z
-6h;-hm
1a;6m
ad;-7
d4;-80
-aa;-9f
-3h;7q
-9g;-68
70;-47
gw;2w
8c;h1
-5p;aq
-5g;-3f
-7r;-4l
i2;-58
-a1;-b
4o;w
gf;2l
-3b;8h
1v;e7
-8d;-3d
3x;-90
8n;-mi
-81;-db
-v;-2v
26;2i
0;1p
ar;2n
-1q;92
5b;-n8
-2c;-ml
-3t;20
2l;-9d
8x;4r
-7w;67
fp;-cs
-af;28
7u;10
-4i;ea
1o;5v
6i;-6b
-3u;-q3
-7l;-7y
36;23
-be;-aa
8t;9f
-6d;-8m
-6y;b7
-2g;be
-j;-4u
8z;gl
bx;dd
9r;-7j
al;6b
-4z;i
2g;-cx
9x;2j
3y;bt
-6o;-97
d3;-5k
-8k;c
99;a
-4s;-1p
5v;-9z
9z;-c9
-2p;-n6
-m;-je
-fi;bo
3t;5j
1x;-3w
-61;2z
1;47
-ac;-3
-96;-20
-d;-fp
-d7;87
-t;-ht
-3v;-6r
-5d;6c
47;67
-3s;-d3
-3x;-1a
1q;f3
14;b6
-m2;1h
-ac;1s
-81;35
9k;33
2j;-2n
-w;25
-cp;-90
8h;-1f
-64;-g
-8r;-4w
-28;-39
-b2;-b1
1j;-2a
-1j;je
fr;he
2i;7b
-cf;5c
8n;-b3
-if;2t
2a;-5c
2y;-7a
a0;57
1q;w
-lc;43
-1x;1k
-1f;90
fe;-36
2m;-71
1m;5t
-62;-8v
5t;-fn
i4;-f7
-9q;u
8i;-1o
i8;-5p
-3a;-4v
-a0;1a
-1i;1z
-ji;35
87;-3y
-ak;-b8
9k;-hg
-20;-98
fv;17
-1m;-f6
-db;j9
-fn;b6
3v;-1i
5s;-b3
-5q;0
6y;-1p
-f9;-19
-q;-aj
a1;-1n
m;64
e4;-2p
b;az
bk;2e
-5n;-77
-7u;gl
-5;-fv
-7l;35
-4f;bn
4l;5e
2v;c5
-1d;-4y
83;-an
-a9;1d
-95;-85
-fu;-16
-dj;ag
-7j;13
8s;-93
-4b;-1g
-4v;-j4
-2r;-1j
4l;-kd
-83;-3
-4e;-jl
5b;-3m
-29;-d9
cg;-e
bi;5h
on;-3e
8k;-g
8k;-4i
-6y;-29
1g;j9
9l;-af
i;-5w
-bj;6b
ai;-gq
-91;kz
ls;9u
sc;-6g
-4n;55
2;8w
-98;dk
-pj;av
2v;x
35;-7q
2a;-cg
bq;1j
3y;-8s
5e;8b
5a;-gj
ct;6x
-au;-54
-3i;9y
2p;cs
63;7p
-5g;-e6
-82;-91
-4y;-3z
1i;-g4
9f;-b8
-dj;6v
77;-gv
-30;c0
-7x;-fn
-1i;5y
-9m;-2n
6;-d5
4j;-h
1e;-6k
8c;cf
d2;-m3
-c8;-bt
-5c;1q
15;co
9;27
-am;-43
-ga;ij
2y;-1c
8k;7c
95;6z
15;5c
-f2;-17
-8x;-ez
-20;-66
-eu;-4d
ak;-5a
3n;6s
2k;-14
-d2;3m
c;-2q
-1u;4m
-r;-7l
-ae;-42
-h;-7f
ai;-3q
-5u;-2r
53;-ab
bk;7i
32;-88
6a;6j
e0;6i
91;gy
jt;-g1
d8;-b5
80;2c
5y;-5i
-dj;-kw
-cr;8r
-1f;-8h
9t;-bh
-r;-2w
9r;5p
-2t;6y
1l;3n
7l;s
-cq;-f3
-cj;-2r
-jc;6u
4p;87
-4n;-fc
2o;22
-ew;g
-2k;-19
-a;4a
-bp;-7i
-6t;-5h
-g2;jl
-59;7j
a7;ik
id;6c
39;-6
t;bk
-ae;-5f
-11;-4f
az;h
8v;-4g
4e;-hp
9e;-bn
-46;-3n
-3n;-4l
-8w;-9x
-7h;aa
-k2;-2d
-d;-gr
-m2;3g
53;cr
1e;-4r
-8g;ar
hs;-4y
-1e;-6a
bf;3z
-9d;3n
-d2;-a7
dz;p
-49;-w
b;6f
e;b6
fr;1
-46;-43
33;25
-f;km
-gd;1b
17;jo
5m;-33
-6b;77
-5k;dx
-3w;c
-ab;2d
-6p;-70
-g4;1s
f1;95
-46;3z
g8;-g0
94;1n
hu;-51
-e;-8w
k;23
-e9;-4o
-9b;f
-7s;di
3b;-4t
31;3i
-6h;-bs
-hc;-cw
-17;1f
-f2;-6e
1q;-31
-ek;aj
-bk;fp
65;-1q
-8j;20
mc;8m
89;-a6
-2d;-l8
27;-1h
33;-9d
-7r;-bk
d8;-6n
31;ch
-gx;-hw
-m4;58
3l;7v
-90;-5e
4d;1d
2x;-2d
3p;-47
9c;k
26;4
-4n;-8e
2q;-9s
-6s;-1s
-cs;-hy
ef;3g
-9g;-4o
-7g;-8x
-3q;-4v
-3b;-19
-32;-18
4p;-ci
-k;6t
6q;5a
-a5;3n
20;-1w
ti;-d9
a;-2n
-88;-g2
-2q;67
2x;43
1y;-9e
-nk;-64
-9g;2b
-4f;6w
-8d;-8f
3v;7e
-13;5
-65;-3o
-eh;-cn
-3i;38
69;5
-3l;-3v
8f;b
-1h;92
36;6z
-5y;dz
2o;-ey
47;-4z
c;-4d
-r;11
bq;-2k
-3p;-q
-8z;-67
-6j;2b
9x;-fg
u;-5o
-5a;-df
d;6
6;-gx
-1g;-a8
-4p;2q
-d8;aj
-19;-aa
-8d;-29
-dt;-b2
88;70
5n;-5e
-f4;-f6
-58;10
-86;6p
33;8g
aj;-ex
k;eu
-6d;21
-fk;26
bs;7o
-hs;a6
83;-3
-f8;-m2
-5j;1d
88;-dl
-3k;1u
-gr;-f9
2k;-2n
1i;-a0
i8;59
-6k;ac
1l;-86
-7p;-33
-6t;33
a0;-nz
-1t;bt
32;-4f
7e;aj
2z;-6
-4d;1u
-3n;-1d
-hx;8r
9v;32
67;4y
-85;-54
-8c;-i
54;13
-16;-5a
dv;60
bz;9d
dv;-6n
-38;9t
4r;i
-9z;jn
-1b;88
-ja;9y
dd;bt
-2a;77
-8o;-5w
21;-1l
-cd;2f
-6c;b2
7b;-3q
-2w;4q
1n;-2x
-bw;-73
4o;-cr
5u;-z
-8y;4a
35;b5
g3;ej
-8c;i3
-pa;-3a
f5;-79
-a0;-7j
-78;-c
-5g;-3u
-1m;33
-v;2k
-p;-7v
-b2;-6d
1m;fe
-ev;1n
-hk;7i
3f;-fs
3e;2e
cx;-67
-11;-e0
-jx;-z
aq;2i
d;3t
4d;-a5
-59;-5m
8a;-58
r;-6f
-fx;-7
1r;7n
5g;-5j
-77;1x
1k;-7n
-j3;-58
-11;lg
2f;-40
-53;-68
-4k;ci
-gq;-dm
-d2;-1x
7r;-63
1n;-1r
-7l;-7h
-89;-bn
4r;6n
-9n;4h
cy;18
20;27
-is;-bu
-y;-14
-3a;-4d
-39;-1f
1d;5q
-hz;8d
-27;-el
-77;-6n
-hx;-1u
-o2;-bo
-k;ma
9z;-45
30;2b
aa;aq
66;3a
26;-ag
-v;-4o
-8m;-hi
a2;-cg
-1x;4k
-9x;-ab
-9p;-ht
-8v;-7
-9t;-23
7;1v
b;-eq
5n;-ht
-in;cb
bs;-6p
6y;6v
-6;42
-oj;-d8
-8s;-9
-4g;o
8h;5g
-b0;-58
aw;6l
-c5;-8e
-69;41
4b;-3s
5m;-64
-gs;-5q
-5a;d8
9k;-fd
r;33
-1j;7l
-fv;-j
-hv;-b0
3b;-4q
-8g;-dq
-17;pr
y;-5j
-1x;-s
-e3;3o
4i;5n
1x;5b
-a5;-e9
-aj;5d
-b4;-j
e3;-p
97;af
2c;ex
gw;-6e
5l;1
5b;-6d
g;-6i
y;-9y
-31;d
-bi;-cy
-da;8l
-54;5c
-5c;58
-2w;dg
9i;-7
1b;7
-2c;-9
-43;-5b
-67;cn
c8;-64
55;-10
e4;6y
-ix;22
bd;4r
-8q;9f
-4t;bg
-o4;-5b
-98;-1h
-hf;9q
x;37
93;7r
5q;-x
-98;-35
-l;-4l
2f;2g
1o;8u
85;7i
-32;x
-z;-4y
4j;80
6r;4u
-8k;em
-9h;8d
-9b;-p
-2b;2m
fl;d5
2f;3j
65;-dc
g6;m
g;ih
85;-pu
-70;-45
-5y;8l
4s;-ew
-51;m
2w;6j
-da;-8o
-x;-k
3o;-bf
9n;8m
2c;gg
4n;2d
7b;78
c3;-80
-11;-33
5e;-2o
1j;-o7
-cn;-5q
cw;-9f
1d;28
6s;9u
4r;-9j
-1;34
6k;7e
-hj;27
-4f;-4n
7m;hl
cb;y
7g;-2f
w;-1c
5f;-6x
7a;-cz
-6d;g
-5j;-60
-7n;-41
-t;-7z
-5c;-7x
5n;dz
-ca;2a
1;-1n
-96;-8m
98;9v
-63;-83
-23;i4
7u;5r
-c2;j1
ac;-fa
-58;-1j
-8y;-4
70;-d1
i7;-4k
-2h;-9s
-6i;-9q
bm;df
-71;2n
-2e;-9n
-i5;-30
-3e;6u
2v;2o
2r;33
-7x;-ai
b1;21
9c;-2g
-4f;gu
5o;-ha
-9r;-7d
-9m;w
5k;-e8
em;-2y
65;-6a
5e;-25
5e;-5f
-57;3g
-c6;n
-6r;2b
-3d;-py
9u;3x
-1l;49
rx;-6x
of;-f1
k;-5o
-8i;72
6b;53
kj;br
-24;-82
-ae;-7k
8t;-62
3o;9s
-2i;4z
61;-4h
fd;-a2
-en;-4h
-q;5x
-4z;-20
-u;-1o
j;-r
8c;-2p
-76;-z
qb;3
-gu;-1u
8s;-k
aj;2b
-cn;-2d
9;-e9
en;-2r
2n;-a
-6i;-8e
68;bg
51;1
56;-5o
-n;-m
lh;gi
-8h;-c
by;63
-4l;aj
5p;dm
-24;-dw
-hd;23
-td;-7e
g2;ed
hk;-kj
-2q;-k6
-m1;-2j
bk;-4z
9y;7c
74;-6j
89;-6a
-5t;-2n
9q;-p4
3z;-13
-7a;-3z
3n;-3h
-3x;-3c
gf;-fw
8d;-4b
5g;-3w
6;-ao
-ci;99
-99;-21
-8r;6s
-b;t8
-8y;e3
61;95
2b;-7q
2y;4o
31;75
-26;-6n
-4;u
-g;7x
-9z;3k
-5k;4i
-c7;-1h
-9p;q
2k;-bp
dk;4m
-7;-7o
9u;-7c
aa;-8t
73;a3
7p;-7m
eg;-9i
5b;-ac
-4q;o
ro;5i
-c8;1i
1y;7o
4y;hy
88;l4
-hg;9g
-4b;pp
-eo;w
2a;dy
3l;-8n
93;7
8n;47
-22;-ku
-d1;1b
-83;-8x
dm;8l
fp;1g
ag;84
-em;9q
1l;-c2
-c8;-45
ed;44
-5l;-6o
7g;b0
8v;-gj
-62;3w
3b;1y
-b8;-1v
f;-d7
-mn;-n
35;5j
3f;40
6;-g
9v;-72
dy;3o
-1x;-b6
-8r;-4k
-cz;be
-6h;-56
8o;go
-8s;-h
-6f;-10
-t;ay
-78;33
fl;5w
-am;2b
-dx;-9f
4r;-ld
-9y;bo
m2;-6l
c;5a
39;hc
-1e;-75
85;w
-2q;1n
ef;86
-23;1y
6;-3h
57;bf
-4x;6h
-jx;3d
ba;-1s
-6;a6
-23;4r
94;2y
2q;7g
-6r;-19
-b5;-3n
he;-di
5m;3r
-3o;ah
-2t;-11
f;-87
4f;1g
iw;29
3r;91
-du;-2g
d;-3
-6j;-44
-92;ai
5h;92
52;5s
-2q;2z
-31;-2n
-9x;-kn
84;gw
2b;41
3y;5v
3m;57
-c8;-3o
fj;-28
-jd;-8r
-cm;ac
-c9;-d8
-35;9x
-b3;-b5
17;-e8
dk;7m
-bv;-s
2y;-2k
-34;26
24;-6m
-8w;-4l
-4r;-12
1w;-1m
fn;e8
-96;-bn
r;ct
4m;73
1e;4u
61;-6n
h9;-mp
-8r;ai
-2m;5x
-6y;-c5
f;-1x
-83;-7d
-4g;-4s
49;-bu
p7;-5l
-5i;2v
3o;cs
-a3;-hm
cq;-9l
-3;-g
-b;2t
-a7;-2b
1r;-7f
-fl;-6y
as;-8i
l2;fm
g;b8
-g;-9
5g;-aj
5l;9
-5b;-q
-a4;91
4g;-3n
22;j3
6p;-72
-3r;34
18;70
-2k;17
44;b
mo;72
cu;-1r
78;46
-8w;9q
-6x;-dp
8z;-3n
-5n;-c
7k;1t
7o;-lc
47;-5
-2n;8h
-af;-45
-bh;78
-95;-4f
7a;-k
-3i;-6l
-2y;-7t
k9;-fh
-2q;-9x
7m;-na
-3p;-1j
c;6b
-9p;be
4x;2h
-1q;-5b
-4p;-5q
du;31
-bn;6d
bb;5v
-7f;kl
-1h;1x
-da;2w
-js;-9b
77;95
-2x;-4o
cs;8q
de;3d
-2l;-4h
-dn;-7y
-8y;-3d
-5f;15
99;cy
-g6;89
9n;-ew
-ai;-57
1l;-6u
s;4z
-cq;36
59;1b
8b;7p
-kz;-4s
-3k;-90
-9k;64
-bk;8z
-7j;-26
1p;2g
fw;-2z
-l;43
-7c;43
9n;-9q
-qi;j8
-2e;7u
22;62
h2;-53
-de;-6k
-ir;-2h
-4x;gk
65;-6l
-4l;-7s
21;-3u
3w;-8u
v;7z
-3m;kh
-6w;16
-61;3o
2b;-c2
-4s;1u
2b;6z
4q;60
w;7p
44;-96
5i;3y
-3h;94
jt;dk
-cc;-5p
1v;7m
-c2;-2t
c2;-14
53;-e1
2e;-78
-7r;-fx
2g;a
-1s;-6m
-1e;-2h
d7;-5x
51;2d
-r;-4o
-5o;-52
g5;-at
-64;-7
h7;64
6j;-cb
13;3k
7x;-27
-17;o
-49;-c1
c;54
-35;1d
2o;-4j
kx;-75
-2o;99
-3m;-gr
30;51
-ia;-3i
e7;ac
z;2f
a;5v
-3;96
44;ir
-2h;-au
2v;-3z
-15;92
3k;73
-3j;-7
6f;-17
-3f;-bx
6x;1u
-2s;1v
6p;2u
u;-61
-4o;14
-44;-9f
hb;8m
-77;-7q
-7e;-9v
bb;-f
5x;ai
c7;-9c
-ma;8e
-1h;fa
-2f;-4y
-pa;-23
-g4;9i
39;-a3
7k;br
-9p;q
2r;-7k
3v;-74
d5;5i
-a7;9x
hq;11
-11;53
-2w;-58
-6t;-6b
30;bo
e9;a9
5y;-5k
-5e;h4
-6g;il
6q;-g1
31;-5q
-gf;-n
-5z;1k
-9w;-ei
-l1;55
-4z;-gz
-b8;-7l
77;-4r
-2h;8k
9n;-30
-5e;bt
-3a;9u
-6t;aa
-3y;-6a
-ar;ax
-di;2n
-95;71
-nd;3b
-br;-fs
1o;20
-1i;dw
-mp;hd
-9q;6n
-4c;-9h
2n;-4w
-4m;-d5
cz;-2s
-1m;4b
-gc;3e
-19;4a
-4i;-d7
-l;-b3
-ar;-1
5f;-6o
3t;-bo
5b;-8e
-ah;-dm
26;ab
-3w;16
5t;2n
-fn;fj
9a;-mo
48;-2f
3q;-2r
-6e;7v
1a;-67
-2;67
27;-79
-5p;-a5
-6e;h
-w;-5a
52;-23
-25;-4k
2m;-66
-b0;8r
i;dr
-et;-14
y;-5x
8g;-ad
11;-15
-35;-di
-a5;b3
a;5
-37;eg
-gt;8c
-f4;ht
6a;3l
w;5d
1k;c
7f;-gr
-jq;cs
-6h;-9o
2t;bl
-4c;3o
ef;59
-30;10
cj;30
-4z;a9
e0;-cz
l2;-8q
-2w;-4t
gz;-97
-15;-8m
a0;-ai
gm;-d6
-1y;-l3
-2n;1k
-aa;-1l
-6u;-ct
6a;-d
8s;2f
-32;-8l
-81;-6n
-7v;-ac
kv;-be
-38;-3p
4k;-17
-do;bw
k;64
fx;8w
71;-f
-85;3a
-jl;a9
-7g;-gm
-3h;-l7
-bc;-69
2v;-9d
-2s;v
-52;-8q
32;4r
p;4c
-81;-4y
ar;-cn
hs;ag
-3g;-cd
-56;9
8v;-3v
-d;-8
2w;-4c
4z;-bq
4f;1a
-jv;-i
-3h;n0
5u;5d
-91;-dv
-2f;-b6
7o;4w
2;-ad
-9w;-6z
-1u;-d3
2o;-82
1a;-8k
7z;6o
-2p;56
-i;87
2e;dt
-95;-z
-5;dw
-2s;b
-3e;-ee
-3z;-62
9q;-45
-3d;-1d
-8e;62
1q;c1
-20;al
-48;5
-r;-53
b2;-43
77;-h
6t;1s
-aa;17
-7k;-10
c7;5g
-7y;1k
3k;13
-9v;-lt
-hu;-6o
dh;-h7
ha;-e
-6k;1r
gc;y
9e;-7u
51;2w
9q;4n
-6j;-a9
5u;-3t
-dg;c4
1x;-lg
5t;9u
59;-6o
4b;-77
-4z;-38
9;hh
n;-8u
9;cu
-34;-87
-l;b7
-36;-ln
67;-ar
-h;-2
dj;-8u
83;-k
-39;6t
ca;-e
-8b;1f
-ch;-5
7z;-b
-b7;-1y
-4s;qs
62;bw
7n;2e
f7;a9
-2m;-4p
-44;9
5b;89
93;2m
-5x;3j
-24;-5p
8a;-f3
-1j;-5q
gj;3
-4d;al
-8k;2q
-5f;gn
ec;-5a
h;-gs
-db;c5
-7w;54
as;1n
-6c;-hg
3d;d4
-5n;-87
-4e;-5i
-4s;-gr
-5u;-5d
-8r;-7h
-9l;-ge
-92;4d
3t;12
bh;-4v
-28;-s
-f4;2g
-82;3o
-4o;-3r
-4w;-40
7o;-2u
z;20
-8t;7j
8z;-1l
-9b;9
dg;-89
-8g;-dv
eb;ab
-hj;ag
6n;w
-4v;4u
-6l;-72
-cz;-ig
-6q;-8v
32;-c
-48;-76
l4;-81
-bv;id
-8m;ke
-2u;7m
a6;8p
67;-d
-1r;-2v
-cc;6k
-5v;l0
-cy;9g
-4z;9s
-dd;-61
2y;-5l
-7;6
9;h
93;8d
-aa;1p
ec;-7i
a9;-s
-hm;-9i
ai;-45
38;-4u
-aj;-4j
-8l;-8g
-47;5x
-14;-25
57;6k
-2y;ba
1w;-1v
3x;ak
2g;-6s
7h;4m
7o;4h
-5k;-3k
4v;-e1
-7y;-l6
-8c;-e0
-gp;90
4w;-5g
79;-3j
2m;39
41;-b2
-28;-25
-20;4y
2z;-24
74;53
8a;f3
-en;gs
-5r;8m
-8x;8f
1j;cb
8x;-pn
-67;5k
-2u;1a
4u;3q
-7h;-4d
ek;-49
2l;d8
-a0;-n
-hu;-au
-bz;-8f
dt;30
-ec;-93
-2w;-3e
2d;72
-s;3u
-5y;a5
-5r;-3a
-6u;-3f
kf;5d
-an;-3q
-8p;-h
-n;4
cb;-26
-123;-51
dd;-cp
-8f;-69
114;1w
h4;-38
-5b;m2
9d;cc
61;99
-4p;-5m
-4t;-3k
kr;1e
-6j;-9e
-fq;90
-b4;-c7
-h8;-b9
4d;-1
bc;-x
a;-c3
-7j;9
b8;-42
-ay;-87
95;dd
1v;-8
-b;eg
18;9l
-fi;-jm
10;-e0
5d;dr
-4c;bs
8u;-f
3j;-43
-4w;-fj
-5u;-8x
7x;1w
fb;1e
-1l;16
bq;2b
-43;-6t
as;es
-ge;5m
50;-3y
-2s;-77
-d5;m
ch;-h
br;-64
-46;3s
-10;-am
u;-42
9h;17
-jx;7y
jj;-42
l;i
a2;29
8p;ei
ax;5c
jn;-6z
-2w;8z
61;-42
eu;16
-4v;-2m
5s;-g7
9f;-44
3x;6a
w;-4c
az;1v
-x;3a
-7f;4i
b4;2z
-5e;-4k
-7w;-mb
57;-c4
32;2d
-4q;-eo
-b6;bd
6r;-2l
fn;-8s
bh;-15
-2t;7x
m6;5p
-ds;e5
-5x;3i
-4l;-7t
c7;iz
cs;5s
-20;7x
45;-v
-2e;-bf
-iy;-83
-v;-a9
5i;-5b
-1b;-2x
ce;33
-h;-34
1i;-4i
ce;-59
-7t;19
5v;9x
-b;40
-1l;-fg
bh;-7n
-4a;bc
-3h;-4
-60;9s
-83;-6z
ab;j7
5p;5s
3o;-3j
3k;-a
-bn;p
-bf;-hg
ai;2g
4a;6z
56;-34
d9;-5g
71;3m
4a;-3i
-71;h
-5m;-b6
-y;-7q
2u;-c4
j;-3e
6e;-6p
2q;-ip
8y;-1c
-e2;-5s
6t;-3y
-ba;3s
-72;4n
8b;-3h
5x;-2q
w;a4
4s;-49
-3q;-9e
-c3;eu
8a;-69
-ei;6q
cd;-bt
-6i;3v
30;8v
79;l
-7w;9j
38;-17
-45;c1
s;5l
28;-1k
-ae;-1l
fi;-ff
6n;c3
-80;-7n
-3y;26
-1f;-8g
md;-g
6z;bn
ah;-kr
-cb;-1b
17;-5r
-ex;-tt
23;de
-6a;-dj
95;7
-40;6v
-gh;5z
44;16
w;-70
4p;4z
7f;9y
-8q;-am
1;-68
41;-2
-5k;-c0
18;-l6
55;1c
-fs;n6
0;-b5
92;54
et;-86
ab;-76
-98;1
3r;ig
-8q;35
-7y;-89
x;-84
h9;-ej
-x;-77
5g;-58
-59;-m
50;-l4
-3o;-3x
3k;3b
hc;-h1
2w;-54
-j8;-51
-ab;-4i
d6;-2t
-74;-cp
3r;-5b
hp;-ci
45;3e
6h;-4g
4e;-6m
b8;-kx
-ac;5a
-3y;1w
da;5k
-cq;2j
-d3;-77
-8m;-3q
-hp;-7y
-3d;km
31;6j
1o;-3v
-3w;-5h
-68;5q
-2t;60
-3r;-9q
-3x;-30
be;-1k
-u;p
-i2;-90
-3o;-f
a7;-63
-bp;3l
ag;2v
6p;q
5m;e2
-3k;5w
au;-s
-l0;f9
-9;-9q
-1k;2j
c6;-ku
-1f;2r
-5f;-3z
-l;dt
6z;-10
-1l;z
-38;k9
-4c;-2d
11;fl
3b;ao
-ib;be
7x;dp
4i;9q
dt;-9p
-65;-ga
b;7a
3;c2
-61;-58
-3p;-2o
-5f;ba
-fz;30
-3e;95
-3b;10
-4f;2y
5m;-da
-bt;-cr
-df;7w
-5f;13
9e;ik
48;-6
-49;-bs
5f;53
ce;-27
-97;ac
g3;3
-56;53
5e;17
nk;-56
5d;-11
2b;-ab
-jw;13
b8;6y
-d;hg
-1y;o
-7d;-by
2x;-2p
-9v;-4s
-20;-dp
-p;5g
fy;-5e
y;-1t
-3r;-i8
-3e;-7r
-f2;-gg
57;3j
ba;bf
bf;3l
5a;26
5;1s
8y;lb
m;-2r
-2w;3j
3t;-6e
5d;-3n
-8t;4q
ae;-j8
6v;bg
ck;4o
-2d;-ao
-2y;-3c
91;bo
-5t;2p
-8q;c6
46;-17
-3k;4y
9;-ek
15;10
-c4;4f
-8m;-t
1h;-gi
-7y;jg
40;4y
3m;-3x
55;-f8
-69;bu
-9x;-5s
-hl;-le
3e;1q
-4g;-32
lb;-86
-ex;4a
-b6;42
-3k;-8o
-hx;-r
-an;6z
-1k;18
-8s;-5s
d4;2s
55;-2x
-4k;-7g
g8;-8q
-fu;-64
bo;-j
-77;-4
aa;-kd
-2h;jv
-8w;-l
-51;c2
9n;-28
be;7o
ga;cy
-1l;-5a
3j;-b6
35;do
-2k;bq
3e;1b
7k;8p
-78;-7p
13;-3j
9x;-m
6t;-38
x;-cq
8w;-eq
9e;-3
z;3n
2q;cd
-1o;-2h
73;58
-6w;-1
h4;8v
a9;-1g
-2g;-cm
1b;av
-55;6j
5l;-2s
-66;40
-2q;-2o
6v;kh
bp;4k
-39;-9w
4q;-b5
5b;-32
2o;5q
bj;-ls
59;cg
-3o;8o
1u;d4
21;-3a
-80;4v
4j;-1t
44;-57
dn;-1v
6n;ha
-35;27
45;d6
-97;1x
-1s;-m0
u;6u
k1;f3
75;d0
-5r;bk
-6f;-18
5f;-9p
-5z;-36
-ab;-54
2s;4v
-o;-5w
25;d0
-el;-k
6o;-gd
-6h;2u
-di;-2g
2v;-46
-1s;71
-32;-ps
d2;-5t
-1n;1i
7q;8a
-71;-4v
-6z;-1s
-aj;5u
j8;-97
-82;-b
-e9;-5t
33;6k
-bh;68
1u;al
8x;2q
lt;br
-dr;4o
-4l;-25
-6;-3m
-7s;95
-1d;5w
-5d;-7
-1s;-70
-3t;j
fy;8p
9q;5c
-1w;15
-3t;-9o
8v;-18
d5;2i
3v;46
-lj;g9
m;-6j
-dq;f8
39;-53
9m;-50
-4e;-7i
4k;-4y
17;-av
-at;86
-94;-9s
-5u;-ni
i1;-2v
-14;-bz
-5z;43
-5z;6r
b8;1d
4;3v
2x;2s
-bc;v
1q;-6i
-10;2y
7s;8g
h;45
-3e;-5a
y;4b
-10;2z
29;33
cn;dg
4p;-8k
-3p;t
2y;-t
-6;-f
7m;-5n
-aa;-2s
-bk;cc
nr;-59
g1;m
43;-9u
-2q;-2w
-fy;b
-ac;-a8
-7j;-cj
-1n;n
-4d;7w
63;-5p
-7c;-jt
31;92
8x;0
2x;-5
72;4z
-az;dp
2h;-3d
31;-ck
-1i;-24
c7;7m
-c7;-ap
1p;-9i
6d;67
-9f;-i3
8a;-7c
-21;-e
6x;-1d
78;9q
-1s;7j
7v;81
-2h;dn
-22;-3v
-45;al
-5b;8x
3s;-fd
-f4;4u
4w;-6g
-7d;8h
-mk;38
-2o;-k6
-18;-5r
-4p;1
-7d;bt
4o;-2p
-fl;9v
-40;3z
-al;y
aa;-2n
4x;-31
-8g;-76
3j;-18
-4w;-ay
1f;-3l
-c7;-4f
-hp;-9a
-13;5j
-39;-dp
5g;-bp
1;-11
-qs;-16
-4k;kn
ac;8w
-1s;6r
92;-8p
gp;1n
108;35
-6;1r
-1x;2i
-3v;85
-4q;-9j
-6u;-4l
-ew;-6u
-3z;-5s
6n;-18
-7j;7h
s;50
am;e8
-9j;6g
7u;7x
-6v;4s
-b;i
dw;h
-44;16
l;6x
-6g;5e
em;-1i
7x;1x
-c5;dc
-4p;gn
8c;-64
5a;-4j
-4b;-9k
6c;8e
-n;1r
1e;3r
-b9;-cq
-9l;-1z
d7;-2r
-5i;6t
-bf;7b
-6x;-8m
40;eo
aj;-2r
4f;-b3
-t;-i3
-4t;-62
-1k;-2p
-bv;85
1o;bh
-2k;-cb
cu;-13
-7e;-c
-dv;gd
30;f
9j;45
bl;7i
16;4j
3d;-x
-2y;bi
a2;-3a
c;-3g
78;-iq
-ez;i
-6v;-3a
-d5;ds
mi;1p
6w;7i
9j;-5t
-3m;-3f
3f;-u
3z;5r
1i;-5z
bw;-14
2z;50
c8;-51
-7t;jq
5a;-8a
-j5;dr
4t;3e
7e;-c8
81;6e
-a1;9j
-3r;dk
29;94
7b;-99
-a0;5
-4m;-4m
2d;20
8d;3z
cy;-2e
-4q;12
4k;-4z
-c6;8w
8t;-w
9p;3a
-2o;-1p
j;13
-g4;37
5e;-cc
-z;f
-c4;-6
1u;7p
4f;-5c
ce;fa
-8i;r
-dd;1d
-9s;-dv
2u;40
-2w;9r
3b;6r
5c;-n
-8g;-bl
-7l;52
b6;-2t
-ee;-x
do;2u
dy;1o
-9e;15
5z;14
6k;-q2
a2;dl
b0;25
-ky;6m
5b;-55
33;-7s
1j;e4
-6o;1l
71;ke
-ay;-8k
-5p;1w
6m;-4i
-2j;-46
-5y;9e
7w;-l
5i;-hr
-6b;52
-33;hd
4x;9i
8e;32
7m;3w
-bu;-33
q;-8i
-6y;-ff
b9;-18
-2r;hd
-15;-3e
-3p;-9a
-o;-2t
q;17
-d;78
h4;55
-6n;m
-72;-38
-5z;-4v
53;4d
-99;1f
-9r;-8k
-8n;-1i
-jd;-6s
-5v;45
a5;-c7
1t;-dx
-6h;-4f
e3;1w
11;-41
-6p;-b7
8u;1z
7l;-fn
2s;-3v
-2k;35
-1y;91
20;-5h
-1v;4f
s;3v
5i;88
-4x;-hq
-7u;-72
-n2;s
-5d;-2
-32;6o
6w;c
-82;-47
-1v;-i7
-4e;-7y
-eg;6b
9t;-9i
4q;-1j
9l;6b
38;-db
-ki;-1q
8n;-fa
-b9;5w
-cy;9y
8c;1d
-2u;4b
-32;-b
5y;-59
cs;2r
bk;-6a
5j;-d3
7a;ek
95;9m
-5s;47
7b;ch
ei;8c
-75;-4b
6o;-au
ke;2w
-5p;12
-77;-15
-53;5h
cb;p0
9m;-g3
-6d;-6f
-3x;2g
-j4;-47
-av;-gy
3s;3q
1;j
-31;-y
-8t;-f7
1z;-ep
-8k;-5f
2b;-ld
7u;89
-84;ch
aj;3x
27;27
-3u;5j
bn;f8
-1d;6j
-1x;-a5
2u;ch
16;-bj
-bi;du
-26;z
-fm;36
-h3;83
-7a;-2z
ag;5h
h9;1l
-7j;-9p
5b;eq
56;eh
2l;-v
-4o;-oq
3n;g2
2k;6d
-ix;6j
-g3;1d
i;4s
bf;-4c
-dl;-2d
6h;-7h
lw;-8h
-bf;7g
8k;-65
-fs;-20
3v;37
-1e;-46
9a;-bd
fa;ep
-t;-7l
2z;a6
-ca;-4f
3a;8l
7c;36
-9n;gt
1z;cm
-3h;2z
3g;-5s
57;8x
8b;-4x
-bf;-b5
8s;-am
-4e;-65
-ch;53
-25;-7b
-24;1f
ax;ak
-9j;bs
-3t;-ff
-9q;-89
2t;-1d
-mu;-hg
gz;1v
-31;6x
3q;-an
7x;-w
-5j;-6c
1;4n
-28;-1d
-hk;-3d
jw;-gt
6q;86
b9;1s
-hi;-e
-1j;-b5
2a;-79
27;3v
ay;-bn
2h;c
-91;-g
dh;-96
-t;-38
-94;ff
4d;51
b5;-3r
46;-2u
-7m;2q
-59;-gx
-2g;-di
e;-3m
3i;9
-6y;-5e
aa;-98
2y;8g
-2u;4r
39;2y
79;gz
6m;5q
-6l;-cm
bj;-1h
-1p;-3g
-64;-mt
a6;-2u
-c9;-of
-4d;-4
-3z;-9v
-fz;u9
4;4g
-5;-bv
2z;7x
-ec;-bv
-6p;-2g
-av;9z
9u;-hh
-z;q
-75;6p
d;-y
3h;13
9y;-cw
2g;1k
-7f;-6o
eh;-ea
-1f;gx
-79;1a
1n;-du
-3f;2j
-6n;-7r
-5x;b9
d;gy
8;-h7
-4g;84
-3a;0
-8u;45
h0;8m
-7g;-f
2e;e9
7j;-3t
65;-8a
3a;4s
-9j;1i
5v;-5o
-m;79
-7p;ew
7y;78
6;-fm
-7m;-1u
2x;ch
-3t;2h
-dl;bk
c6;80
-5h;81
1k;4f
gc;-2b
-2h;-er
24;-em
3h;ac
-hd;8c
-2p;-6h
1o;-3e
-45;-23
8r;-6v
11;-53
-18;4d
-b9;1o
-dc;-a5
-af;-hh
-5o;-c8
86;-1e
7a;3t
7j;-21
-3s;-fr
41;-6u
-16;-f
-cy;-ae
-6g;-1j
6h;-88
o4;qe
-79;t
25;-d1
-8y;-be
-9g;5w
-m0;62
-5f;-6q
2e;-3t
-3b;-56
ac;c
-5c;d4
5c;t
-9n;-50
-9f;-fq
48;-34
-1i;3i
-hd;-60
3f;ae
-9c;-8j
-4d;-av
-76;5
-ga;6g
9d;1i
7g;85
-1y;8z
52;-aa
2x;7m
-7n;-1c
f3;f3
-fe;2c
-19;1v
3t;-9s
-6;-d4
-c4;5r
1d;-9i
3d;80
1w;-1e
48;8v
9i;3n
-9c;-1o
5q;8g
38;12
ba;-h2
-6t;cl
9v;6j
3p;2y
-n;7t
-14;61
1d;7o
7h;-e0
-bw;-4x
-15;-cp
-37;0
1e;-37
-s;i0
-7s;2e
bf;28
2k;2h
23;2t
9z;5a
-w;1h
7c;gu
5b;-1x
ht;2f
-2f;21
bg;-4a
-85;fp
76;-1r
34;3j
-9p;d0
-61;-2x
ih;8k
-y;-1u
-b0;-c9
9m;-2o
-ep;fo
-2v;-kt
2b;-3z
7w;y
77;cu
99;-22
-hc;-j
gl;-b5
-ed;f6
eo;-4
20;-49
q;45
-ib;-7a
v;dk
-4j;-6b
3r;-63
49;1n
-ic;-6l
-6w;-1a
lj;y
-4r;-c0
b9;-ik
4q;-3w
cw;-bd
-af;2o
-n;1h
dg;u
-5g;-6a
1l;-9
14;-21
2z;4a
-1m;-eb
-am;bn
n;48
-9a;x
-di;cc
-bz;g
ac;-7m
9w;7
5s;av
-aj;ar
-15;ag
-5q;4s
-4u;1k
79;2g
62;an
9q;-13
-78;4i
r;au
-dc;7q
-61;-ed
-b5;1r
-6j;-9p
v;-8n
-7l;-6s
14;-ew
-dp;-2m
9c;fy
7s;-an
1w;6a
-8w;-lv
-3s;u
-3d;-9o
-6q;3z
7b;f
-d8;-5t
8w;2s
-38;-2y
-ex;ao
-a3;-8c
-7r;10
4q;-5m
-7g;-5x
2a;-s
2p;23
-5y;-b9
-ap;3c
-65;-1c
-4x;1z
8i;-18
-3w;59
-a2;ak
-5f;-aj
35;-2v
-f3;m
-4o;-5u
-am;do
-1h;-76
-6x;9f
5q;-4w
-20;7u
-86;-f2
8p;-14
4u;-95
-l;-2w
-1u;88
4;-e5
84;7r
8;-6z
-9f;8n
5t;2l
9e;-82
-6d;-6v
-2j;-s
-5n;-1g
1r;b
-4t;au
k0;7c
7p;-12
-79;-6t
74;7
-3w;b7
c8;-1m
j4;1w
-hv;3i
-ef;3w
-i;1y
-g;-ba
2v;-v
-av;-u
-l;7l
ec;25
19;-31
-5;-6w
8b;-3j
8o;82
7d;-8y
7c;-4b
-21;-4k
1v;-c4
ae;x
-c7;42
-33;-bl
x;ae
-7h;5q
63;-9s
-6g;24
7n;-w
71;aq
-23;-9m
-15;-6o
he;1z
27;-v
-38;55
l7;lv
-v;-b4
-dq;7m
1f;3z
-5a;-f3
6q;-19
-bq;c3
2w;7t
-hn;-2a
3f;4k
-eo;-8y
-tm;-12
-cl;8h
-d2;-7c
-7n;7g
-80;7w
-1k;-37
-1i;6k
1s;aj
4y;-fu
2p;4d
bf;-ic
7r;58
28;7s
25;-1r
eq;-6p
-78;-pu
-5;as
33;e6
-40;-18
-9o;-9b
3;-i2
as;-24
-x;f2
-2e;p
-5g;-7b
-28;c0
4o;cd
-2y;96
c7;-ei
-4h;-hd
-i;-9g
-do;-b6
6k;-ac
-6x;-d
-8p;3l
43;gt
-74;3u
-z;w
-2;-4d
-ac;-mg
-1;29
-1b;8
9r;-7c
-1f;-57
-3c;a6
47;c9
54;-8
fs;22
-46;-4l
8m;-de
-3t;-al
-5w;-5c
-9e;q
bz;gf
93;3t
4f;1u
8u;1m
8u;-cx
23;hz
32;-5
-5;4q
-6w;5f
-7;-5p
-44;-9n
-3s;-15
-36;q
cm;-n2
-3e;-m4
-ap;-49
-jq;if
-10;-2b
b2;f
-5m;-2f
4k;-al
0;k
-89;dh
2o;-7e
5k;-54
5;q
-77;-1e
l;-6d
-3b;-61
-4s;-8k
6h;-b
-u;-ic
w;-fy
-fc;-29
b8;-45
2b;-en
33;3i
-2w;-94
-nz;-2f
d;-82
-r;7z
-4r;-3f
-co;-bu
20;-3q
56;7h
-6v;3d
-6r;cm
-3x;dy
-70;6g
-61;-cv
-7z;-1e
-53;he
by;-67
8;-43
-9w;-8i
lt;ar
2i;35
2i;-8r
-cw;b3
-r;-39
-7y;d
an;-6y
el;-85
5c;j
-1z;-fc
3i;m5
8m;ll
-mb;-90
4j;3b
-1r;-c9
-1b;-e3
fs;-dm
-5a;ok
bt;6a
-bs;cb
-hj;ef
3j;1s
-cz;-n
1t;ht
a4;j1
2u;5u
-6f;-49
4v;-3s
3q;-3y
3u;1t
-7v;31
h4;-46
-m;19
-8d;-6w
-3l;-2
cb;hs
-5c;3m
-la;l1
-2m;7x
4x;1z
-fq;-a3
-pr;-1m
-46;q
-5t;-4e
-ek;16
-8z;8m
-k4;m
6z;2c
-5e;76
3g;4f
5o;-c
he;a6
an;2s
6f;-44
7b;-1w
8t;eh
hn;-33
-i;-1i
-d4;-58
-16;4j
8e;-j
-16;43
-w;ge
-2w;-a
-32;-4a
-g0;-5g
-57;9o
-9y;7d
-71;38
-fk;-3x
gb;jd
9v;52
2s;3z
-8e;8o
-go;-74
-3r;-20
-5f;6f
3v;-5n
-1x;7g
dv;8s
-4b;6x
-5b;hg
-1g;-4m
-6t;-8n
-h0;32
ie;-b5
7s;f
fn;hk
2r;-16
4u;3q
bp;-68
-7g;-4x
1g;iq
-9h;7o
gw;-6r
-1f;2b
-4o;8c
-d;-1c
-7r;7m
-1b;-6k
au;5a
3a;-49
-4m;-4v
-10;-7h
-4u;-3l
7;-6x
6x;5b
8x;-38
-3v;4f
4b;-3z
cs;-fc
1e;bq
gx;-8j
-ae;3e
-89;-29
-1m;r
-7t;1w
4b;-53
2y;-mk
-j;-o2
-1k;8b
-4;-4z
9i;2i
-5p;-4h
-f8;1w
-dp;2p
cc;-mw
1w;6j
-b6;-2q
9o;7p
hg;-3u
-7u;-4j
-ec;-1l
1i;-l8
-6u;2q
-9a;-9n
7y;-14
fj;-h4
-bj;-8f
-74;38
37;ew
9t;-fr
-m;-1h
-6t;-6u
-cv;63
-ao;-6p
bz;ae
e6;-r
i5;-23
db;-d2
6q;-24
-2b;-12
-6q;-kv
8t;-e2
-7u;9t
64;-2o
-3n;2k
2u;5m
-s;-gy
-5g;-ca
9w;-43
-9b;-c
-2v;-4w
-63;-48
-6w;24
s;37
-b;71
-t;-9r
7i;29
39;9m
-84;-6e
8a;lu
79;ck
-2h;83
4z;-b
-12;19
-7h;k
-4q;4n
-g1;-57
-3w;-58
b7;49
-1h;4c
-6g;1d
1x;ay
-c7;-bf
b2;bp
2;2j
xu;-3y
60;-dt
-k7;-3z
-53;au
e8;2u
49;3e
l;91
-br;g
78;9r
-7u;-83
-gd;-4j
-fn;-9f
-46;7q
-dl;-d
2d;-3c
-3i;-17
-7z;3j
-d1;-1v
-59;67
li;73
2t;68
-9b;a0
45;-9s
6q;4d
4q;-47
-3i;-hh
1c;-ac
-lv;kv
g;9t
-9g;5m
-38;an
-9a;9v
-58;5n
bm;-6o
b4;3l
5z;-2m
2;o
-9p;-ax
2;-7m
-s;ag
bs;gk
4i;-b8
4d;-68
bj;6a
2q;7a
-h4;-fv
3i;ci
-p0;-30
-9c;-iq
gq;9d
-jh;4h
-b1;-ik
-5g;d0
-4v;c6
-7k;-n
5g;-2
17;-5d
5s;-n6
-3m;-bl
k;-33
-4x;4p
-9;e
-8u;5r
-l9;fe
-dz;1a
75;6q
-w;4u
89;e
x;6v
89;6v
-7z;-5k
-gz;bi
-57;-36
-2f;-6g
dm;9o
4f;53
9e;7z
-1s;1w
53;9f
47;-8i
-ei;-20
dg;34
fn;-5x
4k;-fl
-c3;-5h
-3u;7
-68;4f
-fb;-7m
6k;-b2
-dq;35
7s;-62
5w;-3d
-2y;8
au;1e
-2z;c
8l;e
-em;c2
3a;8s
e7;ff
2e;-78
-bo;7
-9a;-5p
-dr;-7n
-dd;3w
il;-6a
h5;it
9f;-e7
ag;-2l
cy;-7a
1x;-73
ar;3s
3j;b8
bl;-87
-38;84
-1n;-8a
31;-5b
5y;-4f
-iw;2t
bi;9
-44;-2l
3q;-7o
-mf;-6j
-97;-7m
-19;3m
d4;-jr
-c2;at
3c;-ai
-6u;5c
-4r;-cd
-m1;bg
-fh;b4
-e7;-7r
-16;-9
-e2;8i
-j8;-32
2b;7h
-1e;-3s
g3;2r
6d;8g
-5t;-3u
-c2;-1h
6j;m5
83;3l
2;-cf
-bn;-ib
9a;99
-ha;-4z
-3l;-5
gh;7
-ip;5j
-4c;p3
5k;10
87;e7
-id;-o
-6;-2x
-8f;-5m
5r;3x
4s;-9f
-b0;-54
-b2;-k
-7g;6r
-j5;-31
-b0;-du
-kv;-a0
7f;cu
-2b;1s
-3q;-cx
aw;-2n
-3;-6e
-1d;-h8
-er;-i
-fg;bh
5e;-i7
-83;-76
-2v;4w
-31;36
44;-3l
df;23
39;-58
-26;-86
-6b;-gq
b5;-o
-8u;8x
27;e8
8x;1h
-3p;-6o
-82;9x
am;23
1o;-e6
23;-23
2q;-cc
11;-3h
-2r;e
7g;-1d
63;3j
-7b;-2x
3;4q
-7q;-3s
ki;3
a;-g3
-52;74
2r;e6
q;-l1
-9m;i1
54;-2i
-m;if
-1m;ax
71;5x
83;-52
74;12
dk;-14
-3z;35
2l;-4a
-62;-41
2x;-cd
7d;2r
-8o;2a
-1d;-24
-hi;-3v
-d0;-60
-bl;55
-9d;0
7r;f9
-8z;63
b9;1j
-1w;-e0
et;hd
-a4;8p
1i;-4s
2t;-6w
-bx;-20
-cg;-7v
46;3j
dl;aj
-jo;7y
g;31
3u;6p
2v;cs
-1n;1k
-3c;-2c
-fg;u
-2y;-1j
3y;-15
5b;42
-u;-5r
4l;-61
el;bp
-6f;1h
-79;v
-17;f8
-97;-47
-6x;-r
-1g;8q
-5i;cn
1g;-f1
-cd;2c
-4a;55
-7b;-gk
-3h;-7y
-80;5s
-5w;58
u;-7c
97;-28
-7b;m
-9j;-35
-i6;8y
-2f;-87
-9l;-7v
6v;-fg
-3u;1w
-5j;b
-d5;-3p
-34;3i
-4j;-9o
63;c7
30;-1
-68;-4b
-5t;-bi
-jo;-8o
7z;-5a
-84;9c
-24;20
-3e;-6g
1u;-8w
-6p;-cf
-31;v
by;-8f
-c;-3z
-18;-ex
4o;eh
5u;-9i
-pj;-3p
-47;an
1a;6h
cw;-14
-89;c0
-10;26
-5u;-9a
-d8;6r
el;-a9
-9s;5t
-y;ao
3u;-91
-2h;3q
-2f;-9n
4j;5j
1u;-2b
-dd;7b
-j8;gt
ag;-6z
-g;-5v
a7;-1b
-2a;42
-a9;-bs
62;ep
-4l;6e
-9q;bi
3e;1v
-fs;-20
-1d;hb
-x;-14
4u;3u
-1u;88
-e6;c9
25;-a
hc;aa
3r;a
-f6;-10z
-2;-8l
2r;-83
2l;75
a2;b5
-cg;p
16;g3
-47;-dj
-hs;-6x
94;-7f
-1b;-2f
4z;-2m
ao;-bw
5v;14
3k;-as
g;-2q
-8m;e9
ai;-lg
7w;3
w;2t
-p;68
-9f;g1
-1n;-q
47;-cq
-80;-l3
-3w;-h6
-a0;-6i
-cc;-7q
-er;4y
-8b;3y
-6r;-7g
-bf;1n
7p;a0
-6u;2d
-8k;6m
3s;gt
-65;-cf
-1d;-26
-8r;ag
4h;b2
-2d;t1
-2e;9z
-6p;gv
-9e;-2k
-53;-3a
-50;15
n;9t
13;-9s
g;e4
-36;-6d
-cw;-b9
7u;-45
5a;-3h
1j;1t
53;-d7
-s;dp
1k;-2m
3l;-3n
cs;-dg
ah;-6e
1r;8p
-2k;-5f
-7e;-fw
4i;-91
84;9z
-l;-1c
1i;-dm
-8q;8m
16;gn
-4j;ly
4e;2o
-3;-9e
-2v;c7
-6r;-jb
5m;-21
-3p;52
n;9d
-ay;-dy
1u;-1d
8s;ao
10;8v
3f;dj
-7v;-le
-3z;3h
fm;1i
4e;2v
1z;99
3j;1a
-41;-9
55;1d
4p;-bc
8g;2l
-8y;b4
-3z;a0
1a;-2u
4g;-7e
-6c;dk
6e;4q
8u;6b
-d3;-cs
-dm;-4x
-5h;au
-do;iz
-xd;-19
-cu;-d3
-1t;8f
-ki;-5v
-i1;-7k
de;4e
4y;1p
-5e;-30
1p;8t
7p;-1n
-8j;2v
-3m;-97
-5h;2z
-a3;4v
ej;9i
6d;1e
5h;4w
-d6;cp
es;6s
-z;-60
2n;4x
az;6m
9s;-3o
3z;-1c
-63;1u
-32;nz
-7j;5t
-g5;-es
-cn;-1g
-50;-gc
ab;7
-3a;8c
-1i;-1t
7u;-86
-ap;-3b
-4c;32
-3y;-cq
-n9;-6l
1o;-2v
-5j;-bi
-j;-f
-1k;-1d
5d;-91
9l;-76
-54;-aw
-s;-jv
dy;48
-5c;-2e
-70;-1w
-1p;-w
p;br
-3g;8i
-f6;2h
-dx;f7
4v;eo
-8o;-d2
dn;5t
-bk;39
-3i;-aq
-ga;6d
-ik;4b
h;-9s
-r;-4j
3e;17
-a4;-g6
-4y;-6e
-3q;3q
10;aq
bx;-3s
-bo;-23
6t;bd
c1;-5p
-cb;9a
19;a2
-r;-df
15;-3p
-6g;2a
-hw;34
5d;14
8h;-du
-8e;2t
dg;-5e
7v;-3w
-2o;1o
-78;-j3
7m;-2l
-6j;br
7i;6g
-6n;5u
2b;-3c
54;-7n
-a8;-b8
-10;-cv
-6e;ej
-5e;-cb
-9y;-4q
bu;3q
d8;-93
cf;-by
fz;jz
-3d;-ho
4n;-4p
fv;38
b;-f4
-5g;4t
r;d3
7x;1i
8m;1k
70;9b
7h;-23
-9g;8a
-5w;3s
-15;4e
ct;-47
2l;-2o
4v;-1k
-cs;-1i
bj;97
-4d;27
-5l;49
av;2u
-5a;-3d
gd;-39
-5d;g7
5n;48
7q;-6h
-4l;ff
h;3m
92;5a
4d;34
-48;2i
hx;-ii
-jo;b6
dd;1m
-4b;-4z
-al;-aa
-2e;4r
-9j;5k
81;-4z
55;v
-88;jw
-6h;5w
1w;a3
-i1;-31
-2;f1
9v;-4a
1w;0
l;cg
-3a;-6k
c5;6m
-1k;d7
-b2;49
-59;bs
-ee;-7g
1l;-6b
-2;ab
3l;-3f
cw;h
ba;47
-f8;-2p
4q;2q
da;-cj
g6;-7d
-2o;9m
-2m;2c
40;-2l
2g;1g
8;bl
kh;-bo
-14;x
-7a;-2f
74;-47
1w;6u
-4z;30
7j;11
-fu;83
1m;24
-l0;-7
-46;ar
-6i;94
dv;-fl
1t;-7b
-8z;df
ao;-bh
-4;5y
-be;3n
6o;23
7h;-3s
-7e;az
-92;-bl
-mk;-43
-7l;ep
a0;-1u
-5n;-1o
r;ac
-79;cn
-9n;47
ac;-1h
-8x;8k
-55;-3b
77;-3l
hb;6m
-bg;9o
am;2y
-5h;1k
-c9;-78
-39;1c
-af;-30
5s;71
-e2;-49
55;-76
-7j;52
-8b;5v
-bi;2b
-d;-21
b9;1
-2q;-20
29;c6
84;-4x
-2l;-3m
-4g;7c
27;-3u
-c9;-7w
-e;-py
-1p;-7y
-8t;-76
-4u;5y
-al;-28
2l;c9
b;-42
d7;-4h
4x;-gl
-5q;-d
-8;-b1
-9e;16
1d;s
-d6;3y
-38;6m
1k;ku
-7v;3m
bg;-7y
2d;2d
-l3;3c
5r;38
-3e;29
4e;-6m
6b;-46
-88;7w
a1;-15
-2v;6k
-8b;9
4r;v
-5d;-5q
-43;-6p
gl;1b
-1p;-2u
-u;3h
-85;ha
-e4;-77
19;-2a
-79;-6m
8v;-17
62;5n
-25;4b
-7t;-jx
m;-1i
-dl;dz
-61;1c
6k;-2o
-5b;-38
-c3;-cg
8u;2j
27;-7d
-64;8f
-9h;-8k
75;-h6
-ad;-dg
-6f;5x
-8h;-1w
-62;-b4
61;-2p
ca;-5l
1q;cm
-46;lo
-2q;ab
40;-5n
-ng;8h
1m;ag
1l;-bw
fs;-5q
-6q;-7s
1a;-32
-h;-7a
r;-d7
-71;95
-89;-e6
2l;4v
-3q;-f
aa;7m
-3h;5j
-kl;d5
-6c;-k
-r;-8q
-sy;-i
2w;p
-3a;ds
5w;-c5
-18;2q
-57;-cb
-79;gh
y;-31
-1v;61
11;-ai
7u;-cx
-77;21
mp;-6r
-26;9c
65;fk
-ax;87
-cg;cz
-39;-ce
2d;53
bw;-sl
-6x;-3x
-2h;4n
38;-1w
2m;-by
4j;2z
gd;-c3
-1r;-1o
-38;52
-48;-12
-7x;au
9m;kr
4e;2m
-k7;b4
3m;3q
-19;29
-a0;-5p
fa;a6
-8w;6h
-in;-b2
15;d
-5q;4e
-2e;-cf
-7s;c6
6o;-a1
-c5;89
hf;1
-iy;-43
bf;jx
3v;-t
8c;32
-1;gb
-j0;4l
p;-7t
-9l;-9x
-1s;-1g
3a;b1
-1g;69
-k4;-1m
77;-98
6k;kq
65;-4k
dg;-bo
-hy;-a
-1k;a7
-1;-63
ci;-5m
-3f;69
-iz;-d
-ep;-3k
-9y;-ed
bl;tb
-48;-5w
4l;-mm
f7;-4m
14;14
4p;-ck
33;-2t
-dg;6b
di;1i
57;-m1
-3g;-ga
-ab;-2j
-83;14
-41;-o
3x;85
5y;-1k
-6e;1b
-im;-4u
a;9c
-1d;b8
ah;-di
7p;-2w
9r;7
8k;-f
1z;hm
9w;-1m
-87;aw
21;dn
-2x;9p
2g;cf
-5v;-d4
-3n;6q
dd;3m
-14;ao
-cl;h1
9l;-3p
40;u
-e7;6w
-2e;2g
q3;-dn
-bh;-8n
-4v;s
-11;-fi
-6d;6z
-3n;ad
2b;-l8
-2i;-g7
gm;9j
-6u;-ak
-8o;-bg
pv;-6e
-3w;t
-3r;84
-o;-91
2g;-96
-57;-4v
az;52
1l;c0
6p;-ex
a4;-3w
42;4z
-bx;fb
1x;-hi
47;-8r
-62;26
-1b;40
-7z;-j6
6o;5m
-4v;g1
-a2;-27
-8y;-c
-6y;-63
-e1;ea
-3q;bt
6k;-6a
-f4;-fi
-7s;hg
cy;-3o
-1c;-53
-5e;59
6n;-41
6;-8u
2i;45
-z;39
-6r;7d
-1m;-29
-3j;-3l
jw;5j
5f;v
6d;-6g
5z;de
4q;-m
-7o;-49
-5u;2f
99;-53
dy;ih
-dj;-31
-c3;a8
-8s;-z
-bb;-7v
-5;8s
bf;7m
-7n;-27
-z;r
-p;d3
-5q;-2a
39;1v
5q;-1u
am;9i
f9;2o
9u;-16
cz;35
6q;3k
27;ej
-7v;-8u
-9l;3h
-6b;-30
1q;5f
-6m;-cw
y;-ak
24;-4a
-e;ek
1t;-9l
-6f;-3i
38;1f
ff;-du
-31;ag
-1s;-2b
o;-48
-6m;-4i
-7s;-15
4g;5t
-7n;-2v
5b;a
1d;4o
br;4e
-6s;ee
-5k;28
-30;-fb
-eb;-c3
np;-80
25;-2f
7s;-dd
5v;c
1a;-9
-de;48
ai;-8c
fs;cu
40;34
7y;-ba
-1y;34
4i;ac
28;-e1
-6l;-2t
-1m;3r
2;cv
30;76
-73;-ba
-6m;-ep
-3r;8h
8q;6m
-1f;-3y
f1;-1
-cf;7z
-3u;5a
-ez;-9j
-fv;-1x
-75;21
db;3b
-b9;7q
-ag;-9l
4q;30
-fk;-8e
2f;-6h
-22;q
68;-2h
8a;1f
-pk;-4b
9r;-e5
8z;ea
-69;-el
3x;-id
-1a;3i
95;-cw
-70;-3v
-44;-7e
-1w;g
-2f;-4v
-kc;8y
-6a;-k
-5q;-6n
-5s;62
5s;64
1d;8c
-1a;-1q
-2e;-ji
-5y;9n
-9q;62
1o;-9a
c0;-7d
17;-ff
17;-1g
1m;-11
-kh;-r
-9a;-r
-13;-36
-r7;6v
ao;-cj
-7;5
9j;15
e;-gx
-2b;-3q
42;-29
-eb;-aw
2x;-4o
8b;r
53;-8o
-2;-7j
7s;c5
4c;-1u
d7;-3y
-4q;68
-o6;-9q
fo;-7v
-2w;-5d
-39;-1w
7s;31
-bz;7g
2t;87
38;2y
31;1y
-26;jq
-96;9n
af;-6f
b0;je
-18;cn
5m;-b7
-16;3a
-7v;-b5
2b;-43
-3o;4n
-8x;87
ae;6c
8n;4t
-7t;-31
at;37
4p;-l
d7;49
2;-dx
-11;39
7q;-1s
1h;-w
-fi;1z
-nw;-z
7o;g
-3c;-gx
-am;9g
54;1a
8z;26
-8l;ar
9a;-c0
6;-cu
-11;-2u
-8b;-8p
ct;-e5
-6y;3t
53;-30
-e9;t
4c;-9j
-lp;hv
4w;-2p
dm;1e
-7u;d0
9i;5a
7x;-3i
4s;cw
2x;-k
-8z;5s
1;-ch
-9t;58
6s;-60
em;-v
-1w;-2y
fo;3o
-9q;3m
2h;-1g
2w;-u
ap;94
2;-4m
9u;am
-s;-7h
-aa;37
bu;d2
fg;9w
7;-4e
-c6;-dm
-12;-2z
20;-4
43;-1r
na;-50
36;-1k
-3r;-32
m;ax
-bq;cf
67;al
d2;-16
ee;26
-fb;-1k
-l1;-pc
-6v;36
-dl;8f
-ji;-8z
-cx;9a
-h;-e3
47;k4
-2v;-4s
-c4;-ds
-1w;6m
-91;b0
ck;-3g
-bm;-1b
do;-7d
-1z;-1w
1l;1q
2r;-d
-74;dg
-2a;p
-1p;4c
-23;-76
4u;-66
8r;-1m
5;-29
-5g;-ci
5e;-3j
65;58
85;az
-8v;37
-7f;cx
41;-3v
-4x;-40
m;7e
3l;-8g
bc;-5w
7p;36
b;7v
-8a;6o
-5a;-2j
27;-k0
-5w;-7n
b6;1l
2l;k
1y;5g
3d;7v
-b2;-8k
-c9;cq
4z;-3t
-5o;-a4
-2j;-3y
-6m;59
-b0;-9c
-jj;-9y
-6r;-8x
3x;8i
-16;ah
9o;15
72;-gx
83;-9e
-9g;-f7
2h;-62
-1n;3j
-fi;-9e
81;-3d
-mi;-5c
-52;6b
-5h;-18
71;-dl
-54;-93
-h9;-h2
-ex;-yp
5y;o8
5q;-dv
4e;5b
-fc;ba
-cn;6w
-4v;-af
-cs;-2m
4c;8l
-ho;2c
-5y;bn
fg;-1v
98;8m
-cq;96
-4m;7a
-fo;-bw
4w;-6x
-e7;9h
-5h;hv
kv;68
-6b;-8k
av;3x
-7z;7k
-10;3n
-76;-8d
-1t;-e4
-9k;-es
dq;b2
-5q;2z
-6u;-d4
-45;gd
-9q;-45
72;-a1
ao;72
4p;98
-2p;ek
-7z;-9g
-49;-fo
-6c;-95
-97;14
-5l;-es
7g;6j
-qj;p
-4a;-7i
47;-97
-4y;25
a4;o
4m;-4m
-81;-5t
ae;-ex
fm;9a
-9e;-7p
f1;-4d
ec;b0
2n;cz
-18;-59
gw;c5
-5d;11
de;-bh
ci;-88
-3f;hz
4r;2e
-bm;4i
o;5w
5d;b7
87;-34
-1u;ax
3;5r
fg;-72
-2z;8c
66;cs
dv;7g
1t;8l
-80;-a8
-bx;-2q
-3s;-ct
-3k;-50
e6;-63
-da;fi
-b7;0
7h;5
-kx;-bj
-ah;14
-al;6l
-3m;-7n
dh;-ba
gl;-7i
-8v;5b
-3g;33
-5i;bw
7i;4c
ch;-6g
3m;-56
-gb;-ap
7l;-4m
-71;-4d
-dm;d
f3;3q
-is;bg
-4r;34
-7u;4l
-7g;-6c
fr;-6y
el;-47
et;7c
-8c;26
-bi;3v
-2b;-4y
4m;2f
36;ha
2v;-b4
4a;-hj
7u;b7
3d;-3n
-nw;5
-dy;6y
cb;-8n
-8g;95
b9;-hb
36;9b
2i;-4n
-1m;-81
f9;-a4
e6;9z
u;-5x
-83;-1z
b2;7f
88;hk
-8o;-6r
dp;6g
-1d;-jq
5h;4g
-5h;4b
7;-6d
-75;-bl
-2l;-6c
-5e;-d9
45;q
-cu;-7w
d6;-30
-81;e
1b;-9h
-48;-44
ey;6n
fm;8f
e6;g4
95;1i
-7f;g9
6u;-56
-3l;co
-dw;-2l
4j;-5q
-a5;-5r
-z;f4
7r;3n
u;-74
9c;4g
-20;18
5i;dz
cb;-86
-1m;52
-av;g
5w;-37
2n;-k5
-ar;-14
2v;7t
a6;-7
-6l;-hb
gh;ag
3e;33
gl;-50
-1x;4v
-cy;2n
-bx;h6
55;-89
-1d;-gf
6c;-47
e;-6k
-20;-5o
-m7;5e
v;-6m
3y;cj
-z;-ls
96;ax
-28;-5b
-fw;-1x
-2k;dd
2j;or
34;-26
-4z;-7
o;-37
-f6;-65
v;2c
79;-aj
-g0;-19
1a;-50
f;7y
-ev;76
-kz;cm
-3h;30
-1o;-5l
gy;56
-w;9m
-4i;-l
-n;eo
-d;eq
4s;-7r
-8r;ai
-7c;i9
9g;-2q
3k;-2w
-c8;-52
-2x;-1p
2s;-36
-2d;-82
dm;p
-19;-42
-ax;-6j
-5y;-7h
-84;-8n
9i;-dy
-76;-c
-bo;-13
-c;4l
-cf;4j
4x;1n
7f;-4q
-5e;3u
-1b;b
6l;-dg
-2g;bj
-59;16
k;95
2p;-35
-gg;-7a
6f;4f
-4;9s
-1a;i3
il;-lm
4w;-3c
4c;-9h
-ge;4o
e1;-4c
-6d;f
4u;-13
-al;5h
7t;en
1k;6y
-ci;-4m
-61;cq
-p;c1
9c;j
-60;42
2c;-s
-w;kj
-1x;-br
2i;l
2h;i5
83;7k
-q6;11
5h;ih
8e;-4b
d7;-98
-e;2r
3h;-g
2a;-k
-ab;5g
-f;g
-3f;-gm
4l;r
-iy;-5
49;-1m
at;17
7l;-3b
-21;-cy
-20;-9a
5s;-aa
83;2g
2j;kf
-4u;7b
h;5k
-b0;gb
1z;4p
1u;-jf
9d;1w
-6r;1h
-7o;65
-9h;-j4
-e;3l
-38;-5u
-y;-4w
-6c;24
2r;-57
a;-b
-4h;7g
73;-54
-6q;28
5n;-9h
6f;-j3
-4x;9p
68;as
-u;-3w
y;2z
bm;-5t
-3y;-7z
-3h;f7
-go;7u
1k;-49
59;-8
56;2n
-94;-5y
-o5;2p
l;3e
-27;-1l
-b4;bj
ab;-4m
43;6q
-7n;-5a
2b;-6b
-62;-27
dy;74
kk;-i
-12;ik
6z;-7m
cw;3h
3h;-az
ca;-67
c;c3
-3g;1j
-22;-8s
k4;w
6w;mp
-f7;-ia
-o;-6m
11;-1u
9s;-hj
-1p;-1y
-hd;-7i
-4i;-di
-1z;-10
-4b;-s
-8w;b2
b7;-5t
-a9;-17
-1u;bj
8s;-cq
-b6;-2k
3b;6r
3x;-9g
1e;4x
68;2d
5x;8q
-6x;-3r
-7n;-bc
-f2;-6y
7y;-59
-2x;-94
9g;-3j
-ay;6h
-9d;-c
8w;1x
1;-b5
29;fm
-6;cp
-18;-a5
-l9;hz
he;-3a
2q;c
-8j;-a8
b;-a0
es;-23
-7q;2e
4c;-aj
61;8h
34;-ln
98;3n
13;gw
-1l;-5h
-4w;9f
-bp;-kd
e3;4a
-58;-p
5k;d5
3q;-9a
-5m;aa
ao;58
8a;6e
b3;be
c;c2
je;-2u
-ej;7q
-ca;6z
-8j;-5s
60;-b
-f7;ij
-8j;3t
-7w;-7f
-b7;-2l
-24;4p
bi;-io
9d;-8v
8h;71
-9p;bp
1m;iw
-5k;-3i
-1r;-6d
68;c5
1l;6s
-3b;-f2
-12;-os
-hi;f7
-81;bs
4j;75
1i;7w
af;-a4
3d;iz
-ga;-c
3c;bt
bo;-7
-2s;-5i
-10;-g
-54;-4g
5y;t
-2m;-b2
-8;4
34;c2
4a;-8s
-9w;5
88;1x
-gr;-56
3y;go
39;-4v
2e;4z
gh;-cn
7t;-7n
8j;ef
8w;-4o
-l;-a2
5i;5w
-j;40
-3j;-1h
-4v;9x
1s;bs
-u;5d
5p;-99
5h;1l
8;1h
-8q;15
6s;-4u
7w;-5k
61;-4t
2z;-9k
-72;4b
-e9;1c
-ac;-pc
-3v;c8
2b;7d
an;2h
-8o;a3
-ay;-gf
4o;3z
-8j;-2s
-8g;-67
-68;-1q
-1h;-89
bx;7j
-3q;-s
-91;g
cg;-1h
9d;-98
-31;-eg
-49;-52
da;40
-cz;9p
3x;-8k
-49;5z
-43;-9m
3o;-23
-b1;-2c
at;e6
-9d;i
0;96
-8l;72
-ip;d5
bm;-32
j3;6z
15;9
-gd;-2c
90;-4k
-bs;4y
7i;61
-4a;-f1
7;-j5
-hh;1y
-18;-h
-1p;-p4
-4n;-7l
96;bc
-co;4b
-5;41
g2;75
-25;-6z
50;-6o
5z;bw
-9a;-9x
8z;-5d
-7r;-2r
l7;d
4d;7o
cl;-55
-3t;2r
dy;ec
3m;9p
-ao;4e
-ei;-5x
-al;-dy
8y;-69
-71;-5m
9;dn
-1m;23
55;-1u
-c5;7m
cn;-3c
50;-4f
-c1;-6p
-4t;7o
26;-8v
-fo;-9r
71;1c
-cx;94
-3w;2g
-hy;-cm
-9c;6c
-i3;k
1;5f
-8;6h
3z;24
7d;-bn
34;-8p
-c0;e5
-ay;3j
-3z;27
-4;-ha
c2;-dv
1x;-bw
9b;-35
-6w;36
4w;8u
-2f;-1q
-72;-78
32;-5e
6k;6x
3p;-6j
-3p;-e0
-7s;v
3b;58
-fe;pm
ej;-a3
aw;fg
-bb;eo
2m;-86
-5h;3f
7q;cg
-8u;-3c
-4m;9w
5x;-b3
e;8e
5k;0
-ic;55
-69;-33
-2m;1b
5h;4p
-1a;-1d
-c;6m
-gj;-ec
-bi;-bf
c4;j3
-4l;-90
-64;-1h
6m;-9k
-a;-an
-es;2g
3e;-2j
8c;6j
-be;-3i
9e;av
-gp;x
c4;-bq
-ic;-5h
ev;it
6y;8r
-50;bw
8n;h
92;-4h
-5l;-ba
-4k;-1c
4g;-8j
-gg;gg
-84;-10
ah;-1u
fj;-b4
-8m;a
-4k;-35
-ac;6f
3m;1p
27;f0
-46;6c
-dd;fz
d3;-3q
9z;cw
40;-c0
e6;ba
-2v;-95
2u;cw
-8r;-a3
ho;-3m
-3;5e
-8s;-3p
5c;-bk
-5i;a1
f;-65
6v;-6t
-bn;90
a;ax
-4b;2m
-7q;-e
-4q;fk
b4;-50
8v;2u
5e;-6t
-da;c7
-d;84
d;-52
8k;as
2o;1r
-7h;54
-b4;de
g;-54
57;-c5
-d8;8c
-2m;3g
-4p;-7s
64;bj
-95;3a
-ap;-al
-1d;-b
-fx;7o
-dz;bs
96;-bf
-4e;-3x
-6p;-w
-by;6t
em;-7c
-2d;7f
-cf;-2b
-67;fj
-e7;3n
-8b;20
-1y;28
8l;52
9d;30
-bv;57
51;2o
-2d;5z
6j;-9n
-bu;2m
-13;-i1
-e0;-a0
8s;-ar
-9p;-bh
7x;8q
df;-g0
-4p;-3x
-ew;j8
-7r;-64
-v;-fl
9c;du
-13;4f
-18;16
-j;-28
8q;a9
-da;f
-58;-2d
ey;27
-jg;-s
-59;6e
7l;-1y
1h;-8u
4k;-5b
-dv;20
4b;4v
-4k;h
-5u;-6x
-5n;ci
20;h
bl;b4
nf;-87
k;fh
-9h;-1y
1p;7q
-51;aj
cn;-b
-z;-jv
-8o;-3l
-c1;57
5c;48
-41;9f
-1u;9m
aj;15
2y;-4b
7z;-ca
-2r;8q
-8q;2m
-1u;46
-1r;4p
-g8;b
90;f7
3i;-by
c;3t
-6o;2q
-3b;0
-2c;en
1v;8t
-66;-6k
pv;-12
2j;-2f
9y;-1v
-jk;1r
-7y;-3x
-bb;-jn
ar;-a9
44;5m
30;cc
-1u;-1j
i9;2l
-9h;1d
5a;dm
-5g;-8i
6q;3u
-7q;-a8
a;-4u
-5i;-2b
-bs;-jn
6r;-5k
b3;6w
-81;-54
-8h;-3i
-gw;6a
-41;-hh
-h;a5
-1m;-2o
dc;7h
-29;6r
-9p;7
-30;-2l
c5;2f
3i;5w
6h;-p
8w;es
-6g;ff
-1;6i
-2e;au
4g;tu
-9k;-3a
ep;ab
9n;-94
42;-7s
2k;36
3o;-5c
9;6j
-c0;-12
7r;-ct
7u;3j
-b9;-fd
7j;-p
bq;-di
1d;-20
ak;-o0
h3;3z
-i1;gz
9c;d7
al;-7n
-4z;1i
-6b;31
-1n;-it
1s;45
-1e;4y
-45;-3v
b;-8m
80;-1k
2w;-40
9a;-8s
5j;-kf
ad;-af
-jx;-cb
-cm;-v
-4w;13
g;-ng
-4z;-l4
-a3;3u
-4t;-12
fo;-3m
-8p;3e
-36;cf
9o;-7k
-7a;1u
-1g;ca
-84;t
3j;-ed
7w;59
-2e;-m0
-e;1i
-er;-8n
ij;-6
-1j;2r
i3;-63
2l;-5f
2r;-6c
-5u;d4
-76;1m
6c;-3f
3g;77
6f;u
-co;8k
dx;-4j
-7k;-9
-49;-6c
-9z;-95
-7t;6z
7q;2b
6j;5o
-bk;-ev
-hy;ay
-3n;a7
-hh;-1q
-bj;-1b
-32;b1
-6q;-b3
2m;-9b
-29;-5g
19;-d9
-gl;3b
-4o;84
-ag;9
-75;-3f
-hk;-77
-1a;-72
av;9s
-20;34
-4h;7e
-31;-en
5e;-b3
-9t;3g
8i;-2f
27;7y
-av;9
er;am
-hm;17
-dj;5s
-d0;5z
-3d;m2
-cv;cm
-ad;d
bp;5c
8b;2v
-4;7v
-az;-2
-8q;-17
-58;-q
x;2t
3o;b3
-31;2z
11;a8
-au;-3p
17;b
-9z;-b5
76;3j
1p;-t
-d3;3n
-1o;3r
-68;54
-7l;ff
-r;-17
bl;-2d
y;-7k
3y;70
-bv;b6
7n;1t
-4d;1
-3b;-1i
2f;-99
3z;-8g
4;8k
ir;eb
7d;7c
-34;-64
7w;67
-kb;2e
k9;-3u
43;-99
-2m;-1g
-8z;-1o
64;7b
-8b;-aa
-7u;-gt
-99;-89
-5s;5q
-5q;-10
8s;-6s
-fo;-1d
-37;77
-ho;9
21;-2h
4q;17
6v;-3k
-bl;-4m
-58;-3g
nj;-dq
oo;4v
-1z;o
6d;6c
b7;-5s
-u;11
4j;4g
dq;-45
a6;-91
-2q;64
-f2;60
-a5;-gl
-4y;-7m
-je;1y
-au;-c1
-3x;-4
3g;b8
h8;43
-62;5x
-aj;-2k
48;-2b
7i;-fo
-eg;-qq
3y;-36
-eu;-an
-1q;26
-9b;3o
1f;-24
l;3e
-67;12
a;-1j
-c0;-gi
-bx;59
40;6g
-8a;3
9a;-3w
bk;2h
7c;fc
-33;5l
-78;26
-5k;4d
-26;3u
o;48
-9u;-ed
-38;-5v
-5s;2r
3;-26
2n;84
-2v;-2i
-5p;-ft
2t;8t
2v;g5
l3;-51
-6b;16
9d;-9j
1p;-l
3x;-7m
-47;-4u
92;i
-m8;n0
-8l;42
80;-1r
93;-a2
-7t;z
-1;hg
63;-2a
36;20
-a5;4g
75;7z
-3h;68
68;-4w
dn;c6
-he;-2m
-bp;8d
38;gx
4w;-9s
-1z;7j
-7c;-7m
-52;-pc
-a5;-7b
dc;-7z
ev;24
-8c;-57
1q;-6k
-j;-5a
a8;-5t
2i;2i
t3;29
48;bp
-4a;af
9s;-ba
n;cd
-ea;8z
b9;3v
10;q0
-2h;2d
-js;3t
-3i;-i
-b6;-5l
e9;8z
-bd;f4
7b;-ai
5d;g2
8o;6p
20;bd
-24;au
5y;86
-2h;-cz
m;-9e
86;-14
-72;-21
-fw;-ea
-w;4z
-bu;e6
-dh;26
d;2z
-19;-26
-es;9n
-2y;a6
dc;-bv
-cv;bu
8c;4s
-av;6d
cd;-1z
1r;-3y
bo;6y
-1e;-7l
-1q;-9l
1b;c
g;5e
-eq;15
-6z;27
gt;-7z
g;6k
1k;40
-7w;-1x
-4h;-x
6m;1o
3n;-3z
87;-ah
cg;-a8
24;-ar
-6a;2o
-m;-35
4f;5m
-3s;j
-2a;5t
1y;-7o
-3g;3m
0;-3h
2;dj
94;-9w
9i;7z
-83;67
g7;-25
-12;a5
-9b;eu
1s;ho
-6;-3n
1y;-sm
-c;z
-ej;-5s
-9r;bf
6d;1j
6r;-o
2o;5m
gs;-2p
bf;7s
3q;av
-3f;dv
al;-4s
64;ce
2i;l
1u;3v
-2x;-4q
bp;6g
-94;23
69;-ai
-57;6j
2l;-b3
-1s;25
-a;8m
-9n;a1
-d;8z
c3;2m
-4g;3n
a1;-98
a4;b9
-1l;-u
-1q;2b
1k;-7d
ao;55
-3z;-5v
7h;8i
-ao;3j
-2b;-t
7o;61
44;-8b
6v;ed
55;-bp
-8a;c6
1c;5
-cd;-h
-70;7y
-9k;32
9j;-80
-9a;-2z
8s;-4y
-93;-6q
-kq;-68
2v;7a
2r;b
8f;fx
9o;-2k
-h;8r
pm;-31
2q;-83
-1k;-a3
-6p;7n
-7h;-7j
dn;4u
j;bi
2o;-3q
-7i;d5
-2c;-1z
-9u;-cy
-19;-8k
1x;cz
-69;-2e
-2j;3z
av;17
-28;-2r
-9o;-3
78;-2c
-d6;-1q
3i;6z
-1q;y
65;9f
-2q;8z
-hv;-cj
-iv;-6u
-74;7r
-21;-5g
es;bt
az;-dk
54;-6r
-3l;80
id;ck
-2b;-62
70;-ak
9i;h
-47;-3q
91;-67
1k;-bc
ck;5l
94;-c2
7t;-a8
9n;-c
-21;-g1
9c;2b
5;2p
7d;-3q
1v;-7g
-74;53
49;-c8
-9l;ct
3u;-56
19;-3u
v;26
-ef;-b3
fe;8k
-6l;-ke
ex;-5
0;-gj
-b7;6i
3k;-7
3q;8u
dq;de
8x;8u
8h;3e
-g8;n
-59;-4q
31;-44
-1h;75
-79;2w
-6x;j5
-37;-52
-6;97
7r;-38
as;-4n
-6s;-7k
f;-j4
52;-52
-70;7o
-2m;-9y
-h7;-5b
-1h;-7
-1j;cx
-6k;-ay
-24;-7r
-3y;-2k
cu;1g
cp;ih
3m;7q
-45;12
-8s;-ca
cp;5c
74;52
-2s;-p0
-86;-9b
-co;-87
-dx;4b
-d8;-17
9b;-33
8p;-mu
1e;4o
1w;3y
-9a;2u
1c;-b
h2;-4l
85;18
h;2m
-4k;-c6
-gc;-n4
-31;fr
8w;1n
-ae;-cx
6x;-2h
-g8;-4u
-bh;-17
7a;sx
-a4;-1m
-ch;-2z
-a5;h3
-ai;cw
-m2;8y
4b;-6d
22;2c
26;61
-x;-bx
a3;4p
fx;p
47;-53
-98;6
51;-au
-1m;-dv
-94;49
5q;-2i
-6o;-58
54;31
-9g;-1v
1x;b3
8o;gt
-17;-dc
-5p;-1t
-eb;-63
cp;2u
-50;-5g
-fs;6
-47;-5n
5t;-7c
-4;av
5g;71
-2r;-br
hv;-9
5b;-2e
-cp;-f1
ll;cj
-7e;90
2l;-7l
-8e;-4f
54;70
-59;ey
-b;1p
9d;-cy
d;g
ju;n
9;-ib
p;aa
6m;y
2w;8o
f0;-ao
a5;2y
-4o;9d
1b;2g
2p;16
-15;l
-cn;3c
24;19
w;bt
ei;-9s
3d;42
-5h;-g4
3a;d1
-1x;b1
-7n;mx
7m;-7l
61;-1z
89;25
-35;77
-g1;-8m
-1s;-9e
-6b;-1s
eb;bi
-5l;-1i
-2s;b3
f;-26
6e;v
-dq;-24
28;4f
-30;j
-8h;b7
cd;93
-2v;p
-c2;-5w
-6t;-dj
-4b;-34
-h8;ao
-ce;-cb
-ds;-15
-l5;7e
-z;-7s
7w;mt
-98;-66
-87;-5c
-8s;1v
b0;-7t
-1y;-3c
-33;9q
3p;6r
-fi;-a7
-gv;-dg
-q;8c
-88;-1b
83;2o
4e;-8m
dl;7o
-p;h7
-p;2s
ll;1r
-1x;34
3y;-2k
7d;72
-6m;11
-5g;-1r
ij;6
c4;7s
-2d;2y
87;2b
13;-9n
-6x;-3y
-bo;5c
-k7;3s
26;-af
-bs;-78
-4u;-4d
5;-eg
-6e;hu
-c;-k7
6o;-2o
-56;-g
-18;6g
-37;-7u
-w;cb
-e9;-2r
4e;b2
40;hi
-2;99
-iv;df
-j6;-ib
f7;5l
7x;ga
-3h;-4b
a1;-u
f9;-b1
fq;-4s
-1u;-ac
-h7;9j
-45;-2g
46;-hd
7v;-81
96;-p3
-af;7e
4m;-ey
2f;oe
-6t;-72
-35;-12
bb;-h3
-e3;98
4i;7m
-6b;-f5
5v;j
-9m;77
7r;-hi
46;1h
-4f;3
-ac;a8
ej;30
-6a;1t
6y;-41
8q;-l2
-4c;hf
-5o;-g
-9;-51
-58;l
8q;-5t
hf;-dv
-5y;e8
3y;-4w
3w;-hs
-9u;-7m
-7z;3s
2b;-at
-ah;-ff
-32;-3v
-4r;-19
m;-ft
-1s;1z
-2l;-6g
7u;7n
1e;-g
-1c;2e
-db;-32
6f;-63
9w;-ab
-4;-t
eh;g3
87;jk
-ci;-al
b4;-54
a1;5z
-l3;-7
14;bp
-fm;-d1
-f9;-5i
u;-lm
cd;-u
5w;-8d
-9m;20
-bx;y
-a4;-3r
-33;-6v
ib;-5f
-1h;-s
-4e;22
ai;-l4
-3d;-3l
4o;dy
5e;1j
b5;65
-7f;-2g
-9a;-kf
2c;-98
-6b;16
8k;-2b
-p;-br
8q;-22
-ib;76
-e1;3o
8l;f3
-8e;-s
5m;63
1;-5v
jk;3q
-1g;33
-6n;5l
-6t;-u
-3t;-30
-15;dc
4i;5d
1m;85
2j;4p
8f;3m
17;am
-ah;-9z
af;-f
-kr;-x
7s;-cn
-4k;2y
3m;c6
-bk;-aq
dq;-2d
53;l1
do;-7d
-cq;-2
6i;8i
-1b;-2x
-d9;9i
e;-2v
-pw;-b2
59;dm
-hq;5q
9o;-1c
e8;a
-o;-4b
-9t;-b2
-48;8m
-46;-3m
1l;gd
-77;23
28;-5j
-5r;-73
g1;-84
c2;2l
7d;5f
1u;57
k;-d
2r;-4u
7x;24
w;5p
-6e;-47
-4f;6r
-6i;7e
r;-3k
1d;-h3
3r;1f
-cd;1p
-8p;-41
-47;-52
-eg;hg
-c2;3e
cx;6g
-b5;u
-86;-ev
4;-aa
-3g;-16
4k;-db
-ba;z
-16;-13
-6w;-7y
-1g;2x
c8;-26
-nt;1e
-ev;g7
1p;-42
-c4;-19
4r;-w4
b8;5m
-at;gc
ch;4f
2g;2y
-2f;-am
-4o;1t
50;-19
-8t;8r
-i0;3a
-ea;-7a
-7p;ae
60;-12
-k2;-a6
-7g;26
-t;-fn
bh;fx
t;91
5o;ek
11;1a
-8h;ai
8c;7u
6n;ay
1r;v
-5w;-94
-ev;-j2
-3h;-m
-6z;7y
-f9;3g
-v;-4e
5m;2v
-91;8r
-2l;-20
-5l;4d
14;-s
10;-73
-18;9w
p;-22
31;-dw
48;-b6
5o;63
fc;-q
-1j;ed
9g;-cd
-4w;7l
43;-3e
3u;-bu
5l;-e1
9;-8
-2j;-42
p;6w
-2v;8a
2m;-5n
-3n;fi
a5;4k
89;10
-b7;22
-g2;-dy
2o;-55
-43;80
-du;5g
-3p;67
-g5;-97
35;4c
2j;c0
-en;-mt
-6k;-i4
-bn;8e
2b;6v
cm;-3r
-d2;q
-6q;-cs
4;4d
c8;12
-5a;-75
-3q;17
-1q;k
-4x;-23
2g;25
42;-53
-4c;-4o
-cb;7h
7v;-bj
-3l;-62
-3x;-bu
-53;31
8j;-gr
-5f;-2i
-d1;-ug
7d;kv
-83;4j
-8v;7t
-47;-hj
ef;-o
-6b;3w
-10;-1m
9k;-87
-1a;1y
9j;-s
v;30
-f0;6e
f;aq
-6s;-b3
-7j;cg
7y;-lx
-jy;-7u
-aj;-dw
ig;-13
-8i;1u
56;-2i
z;-ba
5s;b6
dc;-ca
80;7e
2a;-1f
-a3;6q
4x;-27
16;3n
ic;-7z
lu;-aa
-gr;-91
az;-1g
3m;bg
-70;6y
2x;-dj
cs;g
-25;2n
-g;-dw
-83;-z
9l;56
a5;a
-b8;3y
9k;e
im;-8e
24;f7
-7i;fd
-ac;-8y
5r;-23
-e9;-b2
17;jm
6h;1r
6p;23
3k;-4d
8x;bu
3a;97
-33;-5o
-a5;7y
j;5m
cj;2m
9u;-1v
8i;2f
s;1c
-9b;-2t
-5c;2x
-hb;-9
3;-1w
75;-5w
-hs;5i
cu;dq
2e;1l
ni;71
-7a;-bt
-8s;g6
9t;a2
57;-40
-53;6e
-nf;b1
4d;-3e
-6c;x
2n;-6c
7k;2
8z;-mx
-5;-1v
-1w;-6c
-71;-3l
54;2t
4i;-6k
4f;-dg
4o;8g
1k;fh
9c;7q
4i;53
-6f;75
61;-fh
-3s;-am
-fm;-ak
dx;-9n
a5;1u
4p;5j
ly;-v
-1m;-2s
-ch;12
e;-dk
4k;b4
7s;-a6
3f;6w
1i;28
-2s;cq
5n;-4x
-3i;9o
jz;ai
ec;-mx
bg;6t
-97;-ie
-cf;4c
-4d;3e
-9m;-53
-5x;l0
cw;1v
-8z;-f0
d7;82
-nz;-c4
81;en
54;a8
-1n;do
12;9q
-gh;dr
hf;dl
bt;4z
-hq;-fz
-25;6p
fq;-m2
b1;-7e
-61;-17
-3a;4l
-1g;-97
b7;4b
-35;-du
ep;2q
1a;om
-cq;n2
b;-4v
-4z;7u
1a;-n
-4i;d7
-gi;by
-cm;10
6;-6t
-4t;-6l
-cj;-if
-np;-3t
-2t;-8j
-4b;62
6u;73
e;2s
2y;-6v
-e9;-4v
7k;5g
aj;ai
-4o;-6e
-j7;1z
ig;-av
-4b;-85
aa;-6h
1;95
-6q;-2k
8m;-rj
-b0;-76
4m;b2
-6z;8b
-2n;-c
1d;3m
-n;-3w
-bg;-1v
-6q;bk
-5x;85
-6;-6r
7z;-1j
-4d;5q
49;36
7s;-8t
3e;7g
-7z;-8u
-ge;-20
-ah;4g
-gi;-dx
-2p;6d
dc;9p
-3w;-2x
-8;-4a
ay;-5p
-5w;-7v
q;-15
-3b;-38
-as;6z
7s;4e
3b;1p
6b;79
69;3f
3r;c1
-5x;5s
84;-5x
dj;5p
c9;-1i
-56;co
f3;pm
8z;8t
co;-l1
12;-1j
1;-10
7c;5l
-bm;26
5b;2e
-5r;2m
-a2;-f
ba;2s
-t;54
5j;-7v
35;-8u
-ah;-hc
-8v;-6c
81;3d
-9s;-45
-4s;28
3r;k3
-6;7u
m;-2e
-kz;45
-dq;-60
v;-84
-8r;78
77;d7
-m7;-5z
-c;-22
1;-dp
3w;-41
-be;-r
k8;-bk
-1d;-54
v;g8
-62;-73
ba;3w
ei;-2i
z;-ck
k;-2g
-4u;-m
4k;-95
4z;9l
-6u;8p
57;-dr
-e0;-3x
4;2j
-11;-fj
-cu;-kc
8h;-83
99;5y
-7i;2l
r;-7x
19;-ii
-50;6y
-aq;-7v
x;36
3u;go
5u;b
-4e;-3n
-cz;14
af;2a
59;e5
6w;6i
a;1y
fz;ki
4h;-ig
-98;-31
-8t;hs
w;-eh
5a;28
-51;4o
6x;-c5
-2i;e9
jx;-1
80;5l
92;-3h
-3u;-6z
4d;-g6
84;-ag
4y;-80
go;-c2
-3;-cw
dv;fe
-3z;-9a
-59;5r
-4l;ks
t;-14
-gn;-2y
-bb;5t
-6t;-cs
e5;-6s
mg;-1y
-d2;jw
m;-r
ca;-7e
dm;7c
-6x;cz
2x;b8
-a4;-50
a9;ah
-54;-c9
-40;bq
-17;-c0
-5i;4j
5;-eb
-7r;-k
8q;-5l
-77;-f9
-5d;2o
7l;-1u
-a2;mp
-z;-if
-6z;24
-2x;-1m
-9p;-1s
77;-hl
-gj;-66
-4c;6w
-10;-3d
1r;2b
-fm;-i
-ad;an
gk;1l
n2;61
-2;6a
-3v;23
-cp;-4
hh;g
-1a;38
d4;-18
9g;4y
-8f;eb
-dn;-5l
od;-cc
-bi;ac
4w;-65
-15;-1i
55;1s
cn;5n
2o;-n
-8n;-dg
2a;-1a
-ji;-50
25;-fi
8;-48
-6z;-cc
-bj;6r
-39;-4s
-34;-d
-6c;-do
by;2c
-6b;-57
-bh;i1
-ad;b2
-26;2j
74;-5k
ea;-3l
44;gq
7h;8k
1m;3u
-8t;-jk
-k7;-g4
-aa;-g
58;-72
a7;-27
-9c;5h
88;-10
59;-h9
-8r;-2y
1u;8j
4z;-9f
-8h;7f
32;8b
-4t;-1s
-2y;bw
-6q;97
-3o;-8g
-3p;-3d
-6o;-89
-18;-fz
7e;16
-7g;-9n
f6;-8r
c;35
1o;20
-1g;13
-68;-44
1c;-3f
3q;-7b
gm;-4c
-8p;1j
3e;6d
-mu;-7k
3u;5i
bk;7v
-7x;-2w
bg;-af
-ed;-7g
k;-nc
26;-gk
-27;-3s
-5b;1g
-1h;-5e
3r;8e
8q;-ai
-5a;2x
bs;-5s
-m3;4f
bo;-5k
-94;-i3
gt;32
-8a;r
6b;8d
3q;-24
-c7;v
-66;1k
i;gh
-et;-e4
4i;4s
-6d;8u
-2y;54
-4m;6v
bj;-10
6v;-fr
-34;-2a
-5d;ee
-59;-26
kr;89
-5g;i
-a7;-gt
5d;-1u
7i;-77
-5k;2m
9;7n
-5q;-39
2u;5a
5c;-b7
-am;h7
-dt;-31
-2z;3
-5d;8f
er;aq
9h;ao
3k;55
ch;-4
k;-4v
f5;b1
80;g4
6g;-2j
54;8a
80;fz
aj;-gh
-jo;92
37;a0
1v;-37
ev;-1g
-1y;-2e
7d;9x
b7;-lh
3k;6j
28;pa
-ge;1x
-bh;-19
-8p;am
fi;8g
-20;ev
-89;6k
5a;-f1
-37;-7n
c5;-4w
4;ed
43;-1a
7a;-dd
-2k;76
3z;3h
-9m;-1z
-40;en
-7q;i2
20;-4c
-4c;-2p
1i;-12
8m;-2n
-f1;-32
d1;-1p
-9v;1s
-ef;gk
-g8;v
-an;6u
-1p;2r
-6c;ad
-8x;-3
-84;i0
-6y;3o
2m;-ed
77;el
bw;-2w
-c2;-83
1i;f2
4q;-16
-31;k2
-9j;kr
b0;-1
-cs;-64
nc;-3w
cq;6j
-2u;-aw
-fa;fn
-4k;-hd
-8o;12
-e6;-7m
li;x
5;3c
-7x;-43
-ik;ci
8p;-5f
-83;-5j
-c5;-5k
-c9;-9y
-9m;-5x
-8p;hq
iz;79
5o;-4s
6r;-5g
x;i9
-3t;-81
6f;-hf
8q;-8k
-89;-c1
eu;-7v
-7u;6k
-7v;-5t
-3a;-8p
8r;1l
-2v;-1a
30;-1r
aj;-4i
-66;l
af;-af
hd;2k
-b9;-76
3k;-9g
br;ip
-15;-3n
-4p;6a
-6z;-2i
2p;-4h
7c;-2b
-1k;4q
bl;-ab
-3a;6f
7u;-8p
mw;-he
-4l;-5q
-28;-54
4g;-3y
2h;y
-57;-2w
d;-3u
9r;4r
46;4i
ci;-6l
6o;21
-bm;45
-1l;40
9n;-63
-7p;-t
-hk;-66
3o;-bz
-3m;if
-a7;-16
-cj;-16
-49;7m
-bm;-a3
2d;67
i1;2k
-q;17
-7v;7z
-ga;-cg
-8p;1h
-22;-d
-24;1h
-56;-65
2o;-fd
a6;-61
87;-8r
60;-3t
33;-58
-fk;4e
eb;-bq
-9j;-5u
9a;-5c
-1;8j
4c;-4o
-5;-8a
-lj;q
2i;-er
1e;-bn
-lg;72
96;d5
-8o;5r
-6m;-ak
-3r;-hc
-fb;9y
-kl;ae
-b1;-9w
cf;-4g
2j;-5q
2z;it
-ak;-bz
-51;9l
-1z;7s
-7z;-ac
-6m;-79
b2;2m
12;4e
-2i;2p
-g;-g9
2r;cn
-22;-9u
7t;9d
-1x;-47
1p;1q
-11;-58
4u;-e7
-3g;9f
-1h;98
-w;-4n
-35;-70
-2w;a6
ay;4f
-2m;37
3q;-8f
8u;-ez
1h;9k
-k;-4k
-at;-6x
-8g;-1y
-3t;k0
-df;-b2
-8p;-5o
4c;-6p
-34;-45
es;-an
-2v;gf
1k;dw
8r;5v
-6g;-5j
4g;-81
6v;8f
1e;fx
65;dk
3r;35
-8h;-2f
55;-d4
11;g
-9u;-34
hw;2c
-au;-50
-50;8n
-37;du
6n;cu
ad;8q
ho;-2t
9n;-35
-47;-1f
-5a;ie
-28;e
-b8;-8j
-fr;cq
-2r;9x
-9q;k3
8t;7p
66;5h
6b;-e1
-5r;-5m
-oc;2i
-3q;-64
-bw;-2l
-3k;-5z
-2q;-44
8y;-bs
2j;-47
99;33
3b;7s
7u;8v
5e;5v
3x;ai
cs;-an
-8p;-g6
-1v;-ai
2s;-ce
-ag;-4p
-8w;7w
-ay;n
-7q;-4q
7a;-13
1d;en
3x;-4q
-4b;-42
e9;-83
-aw;ai
3b;-4d
43;4t
-94;-a5
-8s;-8v
4n;2y
12;7b
-k;dd
-bt;-69
-37;3w
3a;i0
48;-69
-9f;9f
-4i;-8m
-29;-k3
6n;-3n
-6w;-9
8q;8d
-l9;-8t
-r;26
c7;-9f
7o;1e
-86;5s
2t;7q
6d;82
-g0;-2v
-73;-qj
1h;ay
-35;6a
5q;-6e
-5v;t1
-67;g
-77;-61
1t;8p
ft;-7o
-69;3q
5h;-8g
f9;-4v
5f;-72
4k;31
-e7;l
jg;-ch
-5h;-2e
-as;-9c
1h;-bb
-3l;78
-qt;-5m
-e;-29
-3t;-ga
-a7;c5
-ff;-e5
-9;-fe
-6n;-4c
9l;2a
-85;7m
-1i;-4q
-9e;-em
69;-7i
-2t;-bo
-d0;-4b
z;1
-45;7g
-da;-9m
ac;-1z
-8o;-6n
5u;-6a
9s;5u
2k;-e
-cx;1l
-40;-bu
-ew;45
2w;-5
-a8;8o
1a;-3j
-9o;0
-2c;k
4h;-m7
33;-5t
-8;4h
nu;-bf
6e;2s
8h;-bo
8q;-5h
4a;-9o
43;-ac
-fk;2x
-r4;-9x
2v;-58
94;-kj
-79;-7t
-er;v
-d7;-37
3o;60
-3w;4f
8;-1
83;-1n
3w;9d
-3e;3l
-3l;2
9a;-l0
-6u;-72
7o;h7
-1w;-e7
-ad;-d6
gh;-g8
-fe;2n
bf;3d
2n;7r
-2q;6m
ad;9b
5f;iv
-db;-9v
1;-3q
-4a;5v
-6c;-bv
84;-2g
b4;19
-2g;af
5l;p0
-y;34
h3;4v
6y;ai
-ho;3j
89;-2e
-h2;8
97;ad
5u;7f
-gm;-4d
-4b;c0
-b2;-s
1z;6b
-1n;-3q
km;-19
-ez;-bu
8f;c9
-3p;-63
d0;-ew
-87;1u
-2z;37
-4;38
-d0;1l
2i;-cv
-f4;2
-32;-on
z;-4q
-u;-1e
4r;66
-he;-89
-e2;e7
-k9;-50
er;-26
-h6;k
-4y;-fi
-6k;7h
-45;-7o
-7;1l
-fp;-14
cq;98
1e;5l
-22;-f1
-1m;-d6
-9f;au
6e;aw
-6x;ct
-fh;3v
-do;d4
-8y;-b7
33;-7m
i;7y
5s;87
-28;17
-6n;-dd
4u;g1
4t;-ai
1i;97
-5q;-f1
22;6d
-7f;59
-3f;4j
-2o;f
-jw;-g5
62;-e3
2f;-1r
7f;-at
-7l;7j
-kq;3r
-28;-7d
-9o;-5s
3e;2s
3p;5a
p;6i
78;-48
11;-6s
7t;-2t
-31;-dr
2b;-fl
eb;9f
-dc;82
d4;-60
-ce;39
42;-6k
-cd;38
-dt;-7g
-5u;-3p
-f0;-2t
3w;bf
-ho;6g
f3;-5
-cc;jl
12;4l
-5l;-2r
3i;1t
-er;-4v
bh;-5g
-59;-20
-27;1p
-4r;4g
-7r;-gv
-50;e9
5x;mh
-7g;-2o
-d9;8w
2q;-9j
-22;8l
-9y;-4m
-1x;-81
-3n;t
-75;2f
44;-5v
-80;-2k
6j;15
ft;8y
dg;do
4c;-2h
9i;-2i
-a6;-69
-df;-92
2z;-90
-d7;-d1
1y;93
-1b;-gj
d1;-an
-2m;ex
7s;2d
i0;v
-bw;-jg
-73;3d
8o;-5n
-92;-ct
d;bz
-99;aq
2x;3k
9s;92
-39;-2v
-nb;-ca
7i;15
-56;-87
5c;hq
-7g;-a6
-az;-44
-ac;1v
7i;-16
k;6w
-qh;-7f
b2;-a5
-ky;-ma
9;39
96;d4
a2;46
n;-1g
-6s;52
1w;co
-92;32
66;7e
5s;-63
-30;4e
1h;-ey
-4j;13
-5g;if
8a;25
22;2u
33;-so
-2w;-3x
6j;8n
-g3;-2f
e4;81
-7j;-7v
bw;-7h
49;gi
-1a;1r
-75;5b
-b;-bt
-8z;u
-69;be
-1t;-4k
-12;6i
1f;bi
-6v;-3z
d2;-gr
-55;-6j
-6k;7s
-fa;-l
1t;-8l
-9w;1z
-84;-t
1;dj
jh;-5n
-4v;-93
51;w
5e;-h0
-5i;bb
5o;dm
-g4;3s
-9v;-aj
1y;2v
7j;6m
-4r;-2e
-c4;is
-2v;-93
av;-cs
-8l;-51
-dw;-hi
-4z;1u
8i;9c
-25;37
-at;-26
b6;16
-4f;-g
-fe;-4s
aa;is
-90;s
-3;-c8
-hm;-ar
-45;-c9
-bc;-66
4v;-1p
99;-b1
2h;-c
ak;-cr
6n;-1a
-h;-1n
-95;-1z
-w;0
-bp;2j
6o;-19
ft;2b
-eu;gs
-14;-bo
31;-9w
-ay;3b
a9;7d
-2e;1g
-ah;-9v
hu;-25
8d;-72
-7i;-47
3m;50
6m;g
-2a;hv
-an;-a5
5e;72
bg;-8f
-6;-bi
bn;-hf
4u;-84
85;hw
-9;dj
-7;-5l
-7j;-i0
-5y;3e
-6p;-cc
20;-gl
-8e;5z
3h;7r
-1v;9w
68;bq
-dc;-1b
-3b;43
8p;9i
-72;-4c
1i;h3
-18;3t
-7p;-ae
2g;6n
79;-bz
-91;-dl
af;-bs
8x;8w
3t;-96
13;5s
d0;5o
-az;-ok
-71;75
-dl;6s
df;83
-30;1b
-2k;-eg
-fg;21
-dd;-68
85;ch
-49;6
-s;bb
3x;a3
6;-jh
i;3q
25;-5b
-2p;66
-9h;-44
3p;q
3k;gr
67;3e
-25;8w
h7;gg
nd;b6
-e2;-68
-79;2i
h4;41
-1s;-6k
6s;3y
b1;3s
-s;-23
c;-dt
-bh;-5x
2w;-fd
3c;29
4r;-85
-bw;3
-8z;-72
-ax;6w
8m;-16
1u;cj
-h;bq
-bz;8d
-7b;-7c
-3d;-a
7n;-c5
1b;ik
-4k;-hj
-dn;25
-8d;9o
-o;-fj
1t;f
6y;-by
-4x;-1w
-12;-di
-6q;5t
3e;-18
-44;-q
-4h;9l
1h;aw
7b;-aa
35;56
f1;5o
k7;-4o
-8t;p
-4x;4g
6m;-8v
-17;jm
-5t;-g8
-h;6d
-1f;5s
5j;4l
5f;d5
-7d;1l
19;-7v
6c;-21
-4l;-fj
-7l;2n
6q;21
de;6z
37;pc
6w;bp
4x;6x
-6t;-9k
47;6t
68;-cm
-28;-18
-2g;cu
dr;ao
m8;5k
fd;-1h
-n;ds
-3m;-25
-2n;-hr
3y;-9q
8h;11
-7v;bp
4q;-g0
4d;1e
-1e;-43
4s;-a6
-q1;-4i
4v;8d
-5a;2p
-h1;89
-ah;-cd
-2s;0
-6z;-d
-22;-c3
4i;a1
32;-a4
d1;3g
-3n;3l
f;-8m
-56;13
-9e;39
-84;4k
73;-cq
6y;-aa
z;2z
-by;-9h
-88;-6j
-aw;-15
2d;u
-2s;13
-cf;-hh
jk;x
-i;au
39;-8o
p;-9d
bz;-24
-9f;3b
j6;88
-7p;c
-b3;-68
-a5;-77
dh;1p
h;17
17;-aa
68;8u
98;ij
-2v;1
1k;2m
6s;1m
-cd;3s
-40;-l
36;-6z
-gc;i3
-ki;b8
-31;-22
-84;qw
1l;4w
-2j;-z
-98;-x
dw;-db
-1h;dt
-aj;-1l
3o;-5k
-1i;-cj
-9i;-r
8v;-7x
7d;5d
-3a;-28
2z;3c
12;8u
-7q;6r
-qv;15
-4f;gl
79;-37
-4h;-ae
1k;-64
7w;-b6
2f;2a
-1z;-3d
w;1f
-vt;-2f
-ia;5b
-95;-9d
-5s;-f1
1m;99
-5;ak
-5c;6k
c;-6c
7q;-63
1c;8r
53;1u
-8b;g
-3f;-4t
-52;-29
-2r;-c6
-4h;-q
-cu;14
lw;nf
-54;3n
-24;5a
-5j;-2o
3f;an
-8p;-50
dy;7
-2o;-c4
-3p;-9e
-a8;6w
-h;-pf
-dl;-59
-9u;it
9q;79
-32;-9h
bb;p
-2z;2r
a4;-l
-1d;-dt
68;5t
-1e;-6w
3q;-6m
-5n;-h9
-gs;41
-4p;-2t
-6h;-38
-9z;-1u
4u;-3g
4j;-4h
-1r;-3z
5m;-74
-i0;-d5
-29;-ji
-62;-ad
-91;-hh
5v;4p
-1t;-cb
-o8;78
-cw;fa
gd;53
-s;-43
cy;-3c
8f;aj
e;5h
mi;-4g
8f;-2c
h0;-14
-20;-3n
-87;aq
-f7;-5w
-38;6d
-ek;-3d
-b3;v
-2j;fq
4b;-3d
by;31
5l;ac
-dl;9f
-39;-9j
g4;-d8
-fo;k3
l;a3
-dp;3x
-9c;-80
d;3z
2g;1g
be;2k
-h8;2j
fa;2a
49;ck
u;-2j
6g;-el
ga;-6h
-4m;-43
6m;-h
-4i;-hb
x;-2j
-14;p8
5g;8a
5o;-8u
1a;-7w
-33;-2c
v;-3v
-5f;cj
3u;-77
-5v;ci
-no;-cs
-io;-gt
-5c;57
79;-2n
-4q;-1c
-4k;i3
-4f;-80
-w;-mu
v;-1x
38;ji
bt;2y
87;-n3
55;-2a
2o;4v
4n;dn
f5;7q
-9j;3p
5a;-3h
-2u;-2h
a4;-4b
4n;-47
14;-53
-e3;4r
8b;2v
2n;-cv
mf;-h2
-7d;-13
-8f;a4
-w;ku
-fl;3w
2j;b0
1s;4j
-85;-z
4o;-8f
3y;-im
-w;2h
8l;5s
28;6c
-3y;81
-ei;4a
-2w;16
f2;8q
3z;-3m
jb;24
-43;2g
-iy;b1
3x;-37
-3f;3
-1r;bu
cp;2g
-n;7x
-ea;4l
2d;-az
-4s;2j
25;-1q
dp;-6z
-6v;91
hw;-2t
17;-a4
5p;-9x
54;9a
-3h;-1p
4b;-6z
-e6;-4i
2f;-by
6r;2p
b2;9r
-5e;2
1g;p
-a5;-5i
18;-8g
-44;4g
-1q;8
30;4g
6b;-5a
cd;-j
-1n;f0
-bg;qo
94;-d
-5c;6j
-g2;77
1x;2g
-i4;e
-6c;-38
-v;-64
-1r;-58
-2g;-45
-1k;h7
w;6b
dg;1s
70;-4u
-71;9t
11;10
46;-4c
3w;-4z
5v;-26
1j;-x
1x;5e
r0;gm
5e;-6n
m8;an
-b;3c
-d0;-fk
-bn;cd
-8r;-2r
6l;-12
jx;-f7
86;-66
-16;2l
-k;-2i
1g;-5h
-2y;-1r
4k;6t
z;-19
1r;-7l
-d6;8d
l6;-1p
6s;e6
-7o;2y
c3;1v
-7e;-6v
4y;b1
5u;-54
9q;-6g
-70;-4n
-6f;d0
29;30
ar;-9a
i4;-49
n;1o
ct;lc
-3o;1d
-ge;ax
54;-7c
8b;dg
-al;-76
-2v;5y
dw;-7z
6g;47
-90;-1c
-7f;8t
-6l;-7s
3q;1t
6q;-61
8t;-d6
-ky;jv
42;-4i
3n;fy
6;5g
72;-3o
3b;aj
8l;77
5g;-w
dq;4u
gq;i7
-3g;-4i
-er;3z
6o;-4d
-hl;1
c;-41
5t;8h
-2v;-1x
54;3t
-6m;7r
-23;2x
ee;-ah
-4w;-5i
-8m;-76
2a;eo
6z;24
x;10
5r;-hg
d3;-dx
7p;66
-52;30
-4u;35
-1v;7f
gz;-2r
-9h;88
-4h;-2u
-46;-53
25;rf
-1c;-18
-lt;-10
-gf;-88
5d;53
-cy;9d
-1l;fg
aw;-71
-94;a7
36;5a
-6v;4l
d4;-6c
-6h;-5t
-b;-9r
2q;1l
-ev;-if
p;23
dj;-3u
-dx;-5c
-62;9w
-1c;-e
-3n;5o
-1u;-6m
pk;59
6k;6u
a7;78
-c8;61
z;-c3
2s;9
66;-30
5h;7l
-4x;-4y
-6j;-26
7j;a7
-1e;-3c
-1t;-8x
-9y;fe
-5y;-dq
-3d;ek
-2j;kz
-gv;-gt
-5k;3w
-56;3m
16;-1a
c;78
8o;-fh
2x;-2p
1x;-7
8a;-df
1s;-3h
dq;s
9o;-68
-dc;-2i
5u;45
37;-3z
3z;-1q
d6;-kn
-33;-18
-av;-d4
2l;-3i
c;-4a
b1;-ah
-3e;-75
5n;-6m
9l;99
5v;-42
-5p;-5s
19;fa
1g;-36
ji;1x
11;k
-6n;4p
-3y;5u
ce;-kf
5a;6p
ab;-2j
g7;1g
hy;5y
-1k;-18
19;-3w
d3;8y
4y;-cg
45;-ii
17;86
8u;-g7
6l;1a
e4;gv
4s;x
dz;-cb
20;-72
-ca;-4e
5f;c7
5t;-fm
a3;5z
4o;6b
c2;1d
-2c;cc
45;3q
-7d;4e
2h;1z
-98;-11
25;-1w
3z;-56
cc;at
1a;-3o
-3s;-49
dm;-3v
1j;ad
-c;e0
-15;-6a
86;-5f
17;-2n
1y;-2
-6s;-2z
-9r;5g
6f;-da
47;-a5
-hr;-4c
bl;32
-8j;7f
-11;-2v
-7b;-dr
7f;dn
3l;47
-1q;-2p
-hw;-j2
2k;39
-b2;1o
-3o;-6q
-83;-ev
3s;-21
7u;az
98;-2y
a6;-3c
-lh;-eq
-5b;-4i
cg;d0
ci;-a9
1z;ab
5v;-w
hb;-19
-5j;5d
-k;6v
2l;-hb
e7;-2v
5b;94
-3c;-14
-9g;-6i
2t;-5w
9o;-49
2;-f6
30;50
-56;-38
-1w;-fv
-ah;-db
-7m;-ci
-3e;sm
-3h;8v
6z;-da
-e2;-76
-hh;7m
52;-gk
6a;br
-ho;45
-2m;3n
-5p;-bz
gh;32
36;-6p
8z;-7h
39;6i
-1o;79
5q;-8
4p;6i
7u;7f
-5t;-w
l;-at
-a6;9g
2b;2d
-cu;d2
62;92
87;-x
as;-42
4d;1x
-3i;2m
-29;-7j
ds;4d
47;5g
-37;-2u
48;-14
-5a;hz
-a0;5f
-c5;bf
-7m;-b1
bx;cl
bx;-18
-y;bb
-4v;cy
4g;-13
-23;g7
49;-6j
51;-u
-en;2
-9t;7y
20;-69
d5;-1e
-fi;eu
-3f;5c
bl;j
-4b;-13
-2v;cf
v;-j
-3w;-if
-83;bi
aa;-8l
-46;-36
-ps;d8
-5s;-1a
-1d;-5c
a;-51
-4o;-97
a1;1k
-5z;bx
ae;-6h
-7b;-7f
-hf;-d2
-5m;34
hn;f8
-cr;-j0
34;-90
-58;3a
3n;66
cp;3y
-fv;7z
5e;-1t
-9t;-6v
w;-84
84;ff
-e4;-a2
br;-a
-1r;9l
-9p;8c
-ea;i
-9g;-ff
-8;-61
aj;-6b
2n;-90
-10;2x
-7g;-9b
-fg;3x
1d;-9y
g2;-3o
-cu;-50
dz;6o
-6v;-2d
5s;-7l
-8w;-50
-47;-74
-do;-dq
-m3;-bi
-66;4
12;hw
bn;-de
am;-5j
-5o;84
-aq;4p
-ii;4q
1l;4s
2b;3d
-1r;-5i
3h;el
j6;-ko
-1l;5t
-2h;gc
-41;-64
-a6;1
c3;-f0
-20;4l
-et;-84
6s;51
-l;-5q
et;jb
-8g;-73
62;-82
-kl;-2v
g5;-29
2;cg
bp;ds
-kh;38
-cp;-5b
-47;q
56;4f
g;-am
hp;-3g
-48;e3
1;-26
75;-2r
5e;-1j
-4w;-6o
9d;-hh
-dx;41
9o;6s
-80;-3c
7o;-is
ap;-df
-32;-h
9z;8w
g;-y
-14;2e
cf;-3a
e6;-gk
-54;7y
-68;-az
bt;-4w
5m;6j
1r;-50
-6o;ba
-6n;74
ay;-b2
4y;-8u
-5h;-4e
9m;8o
-5q;h0
he;-55
-2f;g5
13;-7z
au;-2t
-a9;-4
d;be
-a7;-d
cr;-jd
5g;3e
p;-20
7j;9c
89;-6y
-ls;e
-3r;-df
-14;ly
-8y;-4l
-ge;3h
d7;-8j
gz;-e
-iq;6c
-6q;-48
-1n;22
-3i;-4w
-1z;ak
-4q;-hb
-8m;m4
-j7;-6p
1v;6e
-94;b
-6n;-52
-5m;p
-h3;-8a
-7u;7y
1a;29
3x;jf
4l;-5l
-bq;4z
ax;5d
-l;g
9j;-t
9o;9j
f7;-5p
8t;-18
-aw;-93
-5g;bj
aa;86
-8v;hm
31;hj
e2;27
-d1;-d4
-e9;-78
-fb;ff
-6i;-d1
3w;-44
3d;-p
b;-a4
1w;-n
3;6l
bq;83
2p;-4i
27;2l
3e;-4x
-4y;4y
3j;-h2
-7x;-90
-7l;-9i
en;14
3i;2f
af;bj
30;-34
-3k;-41
hp;7p
-8j;-f7
-3;bi
-dt;-32
-6c;-5e
9c;-qs
1z;95
jo;f4
-9d;bx
-2h;-b6
-3c;4i
-36;50
-n;8j
3q;-4u
ic;-b0
8v;5x
-eg;3b
-9o;k
2y;26
-4a;mh
9k;-c
-1y;6e
68;78
-17;-49
-8n;66
-lc;-7d
7a;-8j
-5i;-ar
-kv;3b
a2;f
ah;-77
51;k6
-ix;-mm
3b;-5t
3b;-id
-3r;8i
5u;-gd
-f8;-4l
-k9;-iv
-1n;8l
6y;k0
6f;72
-f7;-9n
5b;e4
-3c;56
18;-et
bl;1k
-16;-a2
7e;ne
u;-4v
-d5;-76
-a8;52
8d;i6
-4n;j
-7p;5l
-bu;-5q
71;i
h1;gr
1i;-4z
g;-v
78;-hf
5b;-7k
-83;-7u
2i;-jp
-x;2r
3u;2o
9h;-5
-3z;37
-dr;-48
-8v;-dl
h4;5c
5z;-j2
-53;-9y
-ei;1z
1a;-9i
28;bu
-4g;4v
-46;1d
-59;9j
-3g;-fa
1t;-5q
-2b;-9e
ey;-58
-f9;-48
-99;-86
-9g;-c7
4h;6a
ge;-v0
9i;8s
1o;-86
-ox;-4
3x;2e
45;35
-2b;-6z
5r;9g
-6r;-3o
cd;-dv
2s;4q
-p;-9e
-6f;29
-49;-6n
1t;-7i
-3j;d8
-65;hr
dn;-p
br;-8r
-9p;dg
-1a;-m
-3r;-8i
8a;-el
-u;54
-3u;8b
-5w;-4n
ro;3e
-76;-1u
c;-4u
-4d;1g
-dr;-fl
-8m;-o
-di;2y
3t;-6e
-7s;1y
6l;-88
3j;1l
-4z;8f
3k;lp
-10;4d
7r;84
-bp;5t
-do;-95
-a9;-2
6z;gh
1u;15
b7;4t
-46;1p
36;a3
-9m;-5w
m;-o
c;-z
-47;-9j
-lm;-9v
3x;-6o
-cg;-n
-b8;ga
cg;-x
av;2d
-8r;-9e
6o;-fh
-1p;3t
-u;-7h
2p;cs
6p;32
-4z;-gw
-1y;4q
-2c;-nf
-5j;24
11;65
-5l;dr
4w;-8a
7t;i8
-fq;-2o
ju;-k
-1l;3j
o;-6e
-bg;-kh
-13;ac
-76;-5s
-3g;b5
7s;-3g
22;-6m
h;6
-1e;46
-7;-4i
-42;9e
-6z;5f
-42;-c1
-5t;-1i
-h;68
bb;-2z
-9r;1c
-5r;-3w
2g;15
-10;1t
-o;-en
-17;-ku
2x;-ad
-6o;-45
-84;63
38;7u
7g;-7b
-1d;br
9k;6m
-2i;14
-78;-6
-bp;-az
1e;-9l
6i;-5p
av;-43
cw;eg
e3;1w
83;-7k
7x;-jv
8e;bb
0;-dt
-5z;2b
e1;-ej
5d;-6c
-32;-32
7g;-9u
6e;-en
-of;-93
x;1x
-bp;-34
-6b;-6w
23;qy
-n;-h
5a;-6z
-8;1e
s;-2
-4z;cu
-ls;4g
-r;90
bg;-6t
p;-3m
-3u;-1m
2h;-7a
-cu;7b
-1e;-23
4g;1v
2j;5m
-g0;-ak
-2h;-k
1x;-2b
dt;-3y
-1k;-ch
-7x;-7d
-et;-2g
-d;bg
58;-eh
48;-1k
ki;-a6
1w;97
3e;dt
3h;ei
-2m;4n
6q;73
1x;-1b
6m;-dm
be;l
33;-4q
-ew;81
-hj;93
-2a;-1a
bx;-78
-6z;1x
-6a;-6p
-8w;-3v
-1v;-9c
dj;1m
-ez;14
-62;24
fx;-1l
lu;ev
-35;-90
-c4;-fl
-m;78
7b;mq
en;3s
-4g;66
c9;99
-6i;ar
-7h;aw
3g;kn
18;-1
-3v;-5g
9j;mp
74;-8d
-3i;7w
-cd;-1y
-2s;-55
-d4;5g
7v;-7q
3t;47
6q;2c
7;-3n
bd;-5c
-19;-e9
an;-65
-99;bx
-7a;-nj
-3b;2u
-a3;6r
-5u;-2b
-4d;-b1
-8c;-76
i1;-68
-kg;cr
54;-20
1w;am
e;9j
79;q
g0;-6n
-br;-35
9w;-8
9q;2k
39;12
6e;-4x
-r;-1d
4z;-9g
-6h;-82
dd;y
-6l;-h1
-16;-24
31;23
b4;-2z
1e;35
8t;2l
-4e;-d8
9v;-h3
-c5;-1x
-44;-d4
-f;-6a
-74;7h
7j;-1b
64;5q
-9a;3f
dn;9d
2n;5f
88;-6n
-72;-mi
6e;3a
-m;9a
7l;-7n
fi;-k
-25;-h
-74;h3
az;-bo
88;-18
-p;2m
8g;3g
2y;k9
db;4m
-19;-1i
-63;-94
-p;bj
je;-3v
-3q;gp
c2;66
fn;ai
-ot;4r
-34;-7m
23;5r
bb;-3m
-cn;-6m
-oz;gl
a0;-40
-6p;4f
50;bj
-7c;9w
2m;-9y
-da;5a
31;bz
-50;-37
-ad;5j
-25;-68
80;0
oz;-3k
88;-9c
79;-8u
78;-8o
-94;-2g
-i6;-o8
-u;-3h
-ki;-6o
-3l;82
aj;-hp
-35;-8l
9r;-br
-53;-c3
j;aw
-92;-t
au;l2
9x;-3a
6x;65
-4d;-sd
9c;27
-56;5h
26;-3e
bs;3k
7b;-d6
-bc;7g
ck;4y
c8;-af
hk;-69
-24;-5n
-3p;-ks
-1g;-49
7x;-t
4w;91
-9f;6m
7r;1j
-16;-bh
-4t;-9j
-8x;-6g
8u;-9l
-6d;4p
1v;5l
6g;-di
-h2;-k
9t;-cr
-1u;-5b
-dy;gy
-53;h7
-l;d8
-h5;-dw
-11;hi
-1t;-37
45;-54
-ih;5f
-2l;7n
44;93
-96;43
ic;n
-2j;-3l
11;-7m
8e;h
-1y;70
5u;-nv
3s;77
-51;5t
-4v;2h
5k;-4n
f7;87
33;-5p
40;-5
ag;25
-85;40
48;4h
lb;-fq
2q;-8a
-88;-7h
-5y;2g
-5t;6w
-4i;fc
g;1k
-9d;v
-53;-4n
-5m;e1
2s;-6e
av;-ft
-5i;-25
7t;5a
dc;5z
-2o;4a
-4w;-4r
-ia;2s
2o;-4m
-hm;8v
57;t
6n;-7m
-7h;3f
-21;g6
78;-87
-kg;-k
-36;b5
4e;9u
ar;-dx
-7g;ah
il;-2p
93;7l
6m;93
13;-aa
54;-8e
2g;-f4
-k2;1s
3c;-1l
5b;-2
41;-83
-bp;-7b
-hc;-4p
-3t;48
-ee;-is
-b3;1k
6s;-g3
h0;-7s
-5k;-9g
-96;-4r
6k;1q
1u;40
4g;aj
-61;-1y
-a4;6g
-al;-7d
-5y;z
7e;bl
-30;-1k
-5l;p
d8;3o
4i;9f
4k;-cq
-qu;-1t
2s;5g
43;7v
1k;j8
-1p;-82
cg;-2s
-af;-6r
2s;by
-2m;3f
-fy;4
-1i;-bm
-3x;-7v
-3d;-5s
-1r;4w
-4g;-5y
-4k;-a9
3g;-c7
87;3f
-7n;o4
6s;-q
2d;8j
-5i;5g
-5n;62
-hy;-hd
4l;25
-i4;-45
78;-8j
-2x;-5b
-1i;-g6
2e;-17
-7w;-2b
-4p;-ks
-6x;h2
-2w;-in
-4u;-2w
-3l;-gd
-82;-22
-fu;-3s
-r;v
gh;48
-9b;s0
6b;5r
61;-2s
24;66
1n;73
-13;17
-14;-6z
-bl;-3o
-2k;57
x;p
n;-8s
31;u
s;7r
iy;46
-8v;-8a
-1i;-7d
-2x;-a8
x;-1a
-43;-8k
-96;jk
-a6;-9k
52;-hz
gv;-6e
-cn;1t
q;ar
-4h;3
-1n;-2v
-3e;-5n
-9t;2w
1a;c
-4e;-41
ct;-4b
-q3;79
ab;-20
-1k;2c
-15;-7h
-3f;65
1a;mw
6j;11
3w;-4u
3g;-ni
cg;7h
-61;2a
d;90
db;-bt
ae;9f
22;39
a6;-22
30;bh
6v;-42
-4l;9f
-5x;bc
23;-39
3o;-e1
6m;-2k
r;4g
-o;2r
-4n;-aa
-43;-7c
-7g;58
-4w;b1
-cx;4i
-ao;f3
-cc;-bn
-6l;4n
-2n;1
-5w;b3
ff;3u
9j;eq
-io;aq
8z;a9
36;y
-18;-32
-22;3c
66;6n
1a;-1
20;82
6t;-8f
88;-d0
7n;b
-j;-2u
-6q;1z
-4q;g
-9d;-8o
c2;3i
5n;-44
5v;-3u
-ch;fz
-ot;71
dh;5c
-du;bo
-37;72
-9;25
-29;-1
-h4;8o
c3;-2e
ad;1m
-ls;89
-kn;9d
ae;-eq
2j;-ev
83;-99
-bg;-gm
3r;45
e0;-2
9u;35
-2b;-bn
2p;-t
-8h;8m
-16;a7
8f;-3c
47;7j
-6c;-3z
-on;-4i
6c;3z
-hf;-8q
eo;-75
-bi;-r
-9b;jd
-6u;78
7k;-35
-z;29
-77;df
-ag;-3s
5z;q
bd;84
-2c;-p
6o;-2j
-2v;9v
-j8;-eg
-hh;e1
z;-35
ei;2o
-8c;dw
-c7;-dq
53;y
op;-1h
-gr;-1s
6k;-56
-1r;-ap
-ch;-4l
1k;-eq
dw;7g
-at;-3r
9v;bl
-b4;5g
n;1d
-m;-bp
87;4m
cr;-34
7t;-7x
b5;4j
-7b;-3u
-2h;8k
3l;-d
9u;he
-42;3s
-1j;-5i
5y;-42
1t;i
cn;-2f
-l7;-2x
6k;3h
p;3f
-7t;5l
-6i;1p
-bf;-9v
jj;4b
ee;pk
7p;2u
-1a;-4y
-3o;4j
e1;at
-8t;e2
-6l;1c
-9p;-6n
-9z;2j
cl;-ae
-5v;-4a
4;3j
-1o;-8i
9;-5v
-6z;-44
-75;7g
98;-45
-5t;3y
2f;39
3x;-gw
-4m;-2n
39;-7b
-2y;36
1o;-81
4w;-2p
-4f;-8l
-8s;2s
-ga;ab
6e;-6z
-8t;-36
7s;9w
-5c;-9h
-4t;-4w
4p;-5z
-dj;d
-77;fa
31;-gv
83;-30
-jt;aj
hy;-d
-1m;1k
7;-8a
9b;-2x
df;1o
-87;-lf
1x;-e8
-5n;-42
-7w;2m
-6y;5r
-hh;d5
-1x;-8y
6n;-48
-bs;-6d
y;-cc
-3w;-6
a2;-da
-1b;9e
-4r;-kn
3;-3h
-6l;3f
gb;8g
-55;u
-nd;9
hx;-3g
2v;-gp
3m;11
34;79
7d;-14
-ot;-6x
-bj;7t
8x;dp
7e;7z
-1s;41
-an;1c
j8;d2
2z;-eg
-h;-51
-z;17
4g;-h9
ek;9e
3;-co
-6g;90
-jg;dc
-7q;-79
49;-4o
-o;mh
1a;-6
-54;lr
go;ao
-bf;-bz
-7k;-11
-15;9i
54;-6e
6e;-3g
-f0;-b2
53;5u
-55;1g
7g;br
-2p;2k
-f7;du
ch;-ao
z;-2v
1m;5j
-b0;kr
-8e;cs
5t;-3e
-19;am
-44;-9b
-9f;-e2
ec;-2t
1e;-g0
4t;ad
-30;27
4h;-3
6o;f6
-1c;-6t
-8q;-4t
-ad;16
8i;-1c
-1q;b0
3e;-1t
8s;-1k
34;-3y
-3t;5m
-48;1n
b6;8d
-5b;k4
9f;3g
-60;2z
-gy;gj
5k;h9
dq;-1q
-3y;cx
dg;-36
37;ed
-39;-gr
-as;7k
ds;be
bb;-59
-jp;-4f
-ci;-4a
-7w;x
2u;k
-2j;-4s
-11;-2q
-7j;-5e
-68;-b1
-3j;8f
-3u;-gh
-9i;95
-lq;0
-dp;y
9k;-7k
-6o;4l
-ak;-5x
dx;g6
f1;-2g
21;-8c
2u;2u
2u;-5i
-4s;-79
-6;-77
-7n;-49
-7m;mv
g4;9d
bh;-9h
-23;-60
bp;bb
4b;-52
-69;e
2h;-jk
-35;15
-5i;9m
2s;-7x
g;16
-af;2r
4j;ix
3a;-c2
7g;-z
-1i;-2y
-24;-jl
9;-56
-6h;iy
4k;-5k
fb;-fp
-6q;9
-ah;-j
8;pw
-ai;8u
9r;-w
1j;-e
-4f;-7m
-9d;3d
-6b;af
-j;j
-7n;-8u
et;ab
-34;8y
-5s;-52
-8j;-f7
-16;-g0
ao;-1q
-15;-52
-4r;1e
y;7t
-2a;-1l
-3o;2z
-7i;ab
-58;-cy
8o;-3x
c;-3c
6r;1h
mb;3o
-5y;6b
63;-ce
-6o;-3d
-9c;3x
-8d;73
-s;-7c
-5i;1
-id;-hg
-56;gl
-95;-2c
c5;-fz
6o;-1w
-2j;4z
6j;-b5
9v;-4t
6d;-4n
38;-6m
-3l;-7z
7w;iy
45;-18
3o;-em
-5;-9y
-5b;cm
-5g;99
33;1z
9u;1p
hu;2p
5b;-5x
-4x;em
-4h;-61
-4w;-fn
-47;c5
-7p;-5q
9z;61
-6;-10
-6o;3h
4p;c5
-9z;-dl
ee;-2s
-dh;-3b
20;43
-1r;bf
-1u;-2q
-3x;da
es;-3
av;-u
30;28
2y;-ae
-3t;-3n
by;ca
ij;-1n
k4;gx
fb;4j
-82;ak
-36;-6m
9d;48
-65;-15
4l;-6m
3h;-55
1s;-5z
67;37
g;-80
-8l;-jf
8k;-18
gj;3t
an;-4h
-9r;63
-e;-h
1s;-4j
-1j;-hx
3f;-5o
u;4c
-56;2i
-74;8e
-9q;mh
-bt;-ck
-e3;-3t
5b;7n
-t8;6d
1;-w
-4x;8d
-n;-6d
1j;9v
-4x;-ol
-ev;2d
-c1;-ad
1o;-7p
14;-ci
-61;-71
9t;4d
-7f;-2h
3z;4g
-51;98
86;-1s
-6a;-6c
b8;5a
-dy;g6
-i5;-3i
-6e;du
7w;9g
-d9;7o
dt;1g
-21;-g4
g6;3s
2n;c8
-ek;7x
-e1;-g
e;55
-7q;cd
3s;ba
fc;2b
7c;f9
88;-3f
6r;2a
b6;s
12;-46
-9q;-hq
83;-2g
-bj;-97
ck;1i
6r;-3i
-1l;5m
-ia;4t
-4i;e7
8w;5l
-80;-eu
l;2v
7y;-4x
d;c5
-gt;l
-gl;-6d
3a;2h
-72;-32
-5h;-a9
-i3;-fo
3v;-hz
-b;-90
5i;8o
8i;-4l
7w;-3q
3r;-1z
-2;-at
-95;-cw
-an;bx
3o;2v
-13;-ah
1l;-bh
-4;-9n
5i;al
8b;-32
5n;4s
d1;31
35;8z
-26;aq
-6f;-3n
-2g;-17
-f3;ap
-9a;-59
-5w;4s
-47;14
ef;-e2
60;-4u
9a;-3k
-8e;5y
-4j;-hg
-4j;-l9
-40;4x
51;6n
3y;-5k
ag;-9x
-8a;-78
ig;38
-b1;1o
86;4i
21;7k
-3v;2e
8b;42
-h;-67
2h;9m
q;fa
-a6;-k2
gv;-6l
a;-e4
3w;4i
2v;y
c9;-8x
-aa;-ci
-bo;-2q
-bk;-cg
40;50
7b;-43
-cm;-6r
-16;-bw
-b0;fn
6y;6x
-3b;-3v
-52;-26
i4;-4f
-dv;1x
-4n;cb
-a5;-b
14;-8n
6n;-u
ip;m
-v;-81
-fw;mu
-cg;-1x
-29;-9f
-50;6p
16;-ah
-5g;fg
a;4h
9p;-ng
-dg;5k
-1y;-14
-78;-as
-30;38
13;-29
-4i;f6
7g;-3f
-95;-8a
jd;a1
18;-dm
-70;50
13;hc
-4f;-1t
-1x;8n
gx;-78
-7a;-2h
-ez;3q
-be;dq
24;-51
-bb;-b8
p0;-46
-56;-a
1u;8j
7j;-b
-9e;73
-6b;4f
ei;-6l
3k;bp
5z;-pk
-85;4c
89;3f
2q;6f
-c9;8x
62;7v
8k;69
-9k;-qt
8;5l
-d5;41
-87;-m0
-1h;-4e
1r;4w
-6e;-46
gy;5e
bv;28
-2a;-nm
-l;-6c
-2x;-5d
1g;-1s
-4u;-51
-8;3j
52;14
-7w;84
-18;-f
-bk;cy
-65;-ml
-2a;h5
-3f;-gd
9e;4x
1n;-lu
-44;-77
-7m;3h
t;3h
2m;6d
6i;go
10;2y
-a6;1u
-jo;gq
-e;9
-9;84
61;8y
-3n;3u
2z;-60
j;-1o
-53;kw
-27;7y
-d9;-5
1a;-p
8f;9f
49;2q
-88;-et
8j;d3
-6j;90
57;1b
-6k;4y
1w;7f
-8d;id
53;-17
6i;4b
-ed;-c5
42;-7d
98;7t
-m;2y
ck;-ff
ko;fu
-63;-i2
8r;-u
-d3;-e7
-7l;h4
2o;df
-an;-el
-9k;-d3
31;7z
-98;-2j
6h;-19
-d;4h
-j1;-5i
3e;8h
f2;4m
ag;39
-bh;-iq
-2v;2v
-at;-5n
1d;-5h
-3p;-5d
-cf;-e9
-89;6
-8a;1z
-59;-9b
1r;-93
dp;-1o
-bw;-bc
-8o;9m
-cy;d5
-2x;-75
-7;-74
-5i;-7t
-dm;-bz
ig;-q
18;1r
5n;2z
-9u;-7i
9s;-3q
-14;bb
5z;12
6r;-nb
1j;-1k
-2l;1a
3p;-5f
7;-s9
-9i;-bs
-d8;-24
ao;-d1
8j;-3i
-74;-av
19;-a6
-e8;-7b
jv;-ar
2f;-94
81;-ge
-61;5m
8g;-1o
-h8;-dj
-aq;-7r
-z;4p
-fq;-1o
-9u;6h
6n;-7e
-6f;-3e
-3e;-nv
-85;-45
-g6;-15
-aq;26
1k;dp
8i;-5u
kb;-cu
4;1p
-cx;2s
-6a;ci
-4j;-c7
-au;m4
7f;-gs
-4q;-5c
-91;1y
1b;-9i
1u;gb
h;-6c
19;gr
67;-bj
-ar;4e
9w;eu
-9q;-3v
-9x;3b
21;5f
-1y;-81
w;-5j
-db;-q
19;5j
-47;97
1p;-7e
-ex;-a2
-bw;-2t
-6z;-9g
a;-4a
-9a;dc
-i;es
tv;dj
-jl;-ea
-5w;-7
-29;-1v
bs;ai
c5;4f
9n;-kg
6b;7d
4o;20
-ht;-8a
3c;-1q
-c9;gt
8w;ob
6d;-99
-b6;7v
-bb;-d3
1w;-5x
9o;-dc
2w;b0
ia;-7n
-bs;-80
-q;-33
-3n;a9
2m;-6v
-en;9c
-9x;-50
-1;-hs
-4g;-8x
60;-1h
-a1;-7a
-d;2z
4a;2f
-36;-5y
cg;y
-7e;-1g
-fl;-22
9;-m
ad;z
jn;h
-cs;-cr
-4c;-4i
1c;-6v
4q;-81
dj;a2
-al;0
-u;-5p
6b;8g
-b5;cv
1r;-p
j3;6s
